feature_idx,feature_theme,layer,n_seq,n_tokens,n_subsamples,n_train_pos_mean,auc_roc_mean,auc_roc_std,auc_roc_min,auc_roc_max,auc_pr_mean,auc_pr_std,auc_pr_min,auc_pr_max,p_at_k_mean,p_at_k_std
817,deception,5,2,510,3,8.333333333333334,0.594366470462064,0.08697240000620841,0.5147361804301024,0.6871765307521461,0.026802910852059866,0.01643305929082047,0.013151931714015418,0.045042580815886066,0.05118601747815232,0.04373103592543569
817,deception,5,4,1020,5,4.2,0.6395144015145723,0.052324047654072434,0.6023932422424584,0.7309087452337091,0.026127100186035666,0.007784655838453254,0.017460363735921414,0.03444491111302772,0.04344569288389513,0.019389032367857356
817,deception,5,8,2040,5,8.8,0.6126333849935383,0.04033950078795861,0.5879232690622342,0.6824886973536097,0.02249774664067662,0.0049542361730781324,0.017576808761469734,0.02774832453431613,0.04119850187265918,0.024702071082908086
817,deception,5,16,4080,5,52.8,0.7844113424751618,0.03203727168316405,0.7457658444006532,0.8254504548497807,0.05727562686100977,0.00626195133251896,0.047316823017140006,0.06439743366617495,0.10037453183520599,0.014840159367909327
817,deception,5,32,8160,5,44.6,0.7748236028165508,0.045856300291661364,0.7003944369195785,0.810040384997817,0.05555580246150767,0.010778552488709747,0.03928745028534639,0.06642510108821864,0.09513108614232209,0.014649893045399211
817,deception,5,64,16320,5,121.4,0.801799177789795,0.024743040205046064,0.7712483520171384,0.8379432206538133,0.08760835507372171,0.019474458503443655,0.06580582911266335,0.11902871541692048,0.14756554307116104,0.023628180218108624
817,deception,5,128,32640,5,277.6,0.8633663664719503,0.0038670655941648157,0.8587591021579157,0.8684675745245428,0.14895090141163503,0.019592370819762187,0.12054705347958346,0.1705066901058209,0.22397003745318353,0.02023858589678846
817,deception,5,256,65280,5,600.2,0.8813969499829877,0.005464551224246574,0.8756691224331976,0.8893649366543943,0.18146540285680832,0.0118196907063619,0.1693963121758278,0.19539316878992097,0.24569288389513105,0.01111040971849538
817,deception,5,320,81600,1,755.0,0.89306700330443,0.0,0.89306700330443,0.89306700330443,0.1964246887550474,0.0,0.1964246887550474,0.1964246887550474,0.250936329588015,0.0
817,deception,8,2,510,3,8.333333333333334,0.5997707938835954,0.11224524699612126,0.49524668445474296,0.7184032364551016,0.036097336930017,0.03120791375020119,0.011993459940701431,0.07134811626215962,0.0599250936329588,0.05440389155930318
817,deception,8,4,1020,5,4.2,0.6788565031305862,0.07254354216903156,0.6124628895745912,0.7926987778464224,0.03291764638165371,0.014672631298433497,0.017278211922247443,0.05449204261153797,0.050187265917602995,0.03239213230028413
817,deception,8,8,2040,5,8.8,0.6792939313118324,0.05193030302951943,0.5896396640244993,0.717956674258503,0.031727438959244784,0.011424295733299034,0.0171917466453441,0.049170372915710824,0.05318352059925093,0.02600232952465885
817,deception,8,16,4080,5,52.8,0.8357943644799535,0.0379507004403279,0.7910721417926592,0.88226254210995,0.09846748770780289,0.023346883928350957,0.06464581908639219,0.11921600326013981,0.1707865168539326,0.04829863569027022
817,deception,8,32,8160,5,44.6,0.8368034406403411,0.04263284006962483,0.7678538840307461,0.8804831763901143,0.09701401491659138,0.032850877136406116,0.06269971745118766,0.14842157301150985,0.14232209737827717,0.045717436763047584
817,deception,8,64,16320,5,121.4,0.8517199574142811,0.021091729952711455,0.8186817960190204,0.876959790427366,0.13111974529905426,0.021179848996297622,0.10950854647925508,0.16326333886043842,0.2,0.023628180218108624
817,deception,8,128,32640,5,277.6,0.9040091072272013,0.008710471437227021,0.8933656725844297,0.9117440183826244,0.24123157025186917,0.032877484653469555,0.19653481715947474,0.2811578317570767,0.2981273408239701,0.02908354855178602
817,deception,8,256,65280,5,600.2,0.9201341974744356,0.00710535189378306,0.9111262166517751,0.9271827366737785,0.2770022041512226,0.020598296682523554,0.24127966314892413,0.29407277053838515,0.3153558052434457,0.024473871539632285
817,deception,8,320,81600,1,755.0,0.9244466247022841,0.0,0.9244466247022841,0.9244466247022841,0.2782424506580058,0.0,0.2782424506580058,0.2782424506580058,0.3295880149812734,0.0
817,deception,12,2,510,3,8.333333333333334,0.602142103327479,0.09284306318939001,0.5126408447494573,0.6980002459301078,0.03721748780921665,0.02722516732628378,0.012425335281335955,0.06635338533026348,0.05368289637952559,0.04712755577572253
817,deception,12,4,1020,5,4.2,0.6466036996296725,0.06874237766386618,0.5893447153210178,0.7598143692757768,0.02898515724179454,0.010085257614532984,0.016250769965843837,0.042741338685773705,0.04119850187265917,0.021677597196236378
817,deception,12,8,2040,5,8.8,0.6812495593442186,0.07875406816238915,0.5848007752193234,0.753208578682101,0.03428298696617864,0.014494808389389527,0.018513497497164928,0.05210224184293849,0.05917602996254682,0.02253424562770236
817,deception,12,16,4080,5,52.8,0.8343279736568301,0.01234100252679671,0.8205938002917303,0.8541762820316059,0.11369114818625436,0.016636046621663642,0.0854746587267251,0.12826189155490622,0.16928838951310862,0.0301259588796857
817,deception,12,32,8160,5,44.6,0.8032015374910404,0.04714674466133929,0.7372260981328101,0.8485114252393865,0.09076253052783259,0.03564133958560946,0.057844849694189605,0.14459276103037816,0.13932584269662923,0.031043244621875805
817,deception,12,64,16320,5,121.4,0.8681741326545513,0.024899253151524872,0.8348458407024002,0.897555599830416,0.15999733735772656,0.034569419472069894,0.12423000518837357,0.19905114398491278,0.2269662921348315,0.035786903926865184
817,deception,12,128,32640,5,277.6,0.9145545790902483,0.008764533105657214,0.9017561307194795,0.9257095744013918,0.2625698224038599,0.037274757192187896,0.2166922691895882,0.30921898887857724,0.301123595505618,0.02406931687349757
817,deception,12,256,65280,5,600.2,0.9329001280064351,0.0021908678508754747,0.9294992606284316,0.9351550020081811,0.3144115501575235,0.020553861215145023,0.2959981651263012,0.34330845356090034,0.33483146067415726,0.019207312966229344
817,deception,12,320,81600,1,755.0,0.938098722149392,0.0,0.938098722149392,0.938098722149392,0.331820738594199,0.0,0.331820738594199,0.331820738594199,0.3707865168539326,0.0
817,deception,20,2,510,3,8.333333333333334,0.7761350502305735,0.07832931491327971,0.6989034158799041,0.8555177358952479,0.07772413991745283,0.07581236279254351,0.021463353839378717,0.1639368651634194,0.09612983770287142,0.12033687077254347
817,deception,20,4,1020,5,4.2,0.7628066987491979,0.08753468838492688,0.6300230805964308,0.8530930361783279,0.06189408262018912,0.03036778679761202,0.032306270024084545,0.10127601520866018,0.0853932584269663,0.04777300006417482
817,deception,20,8,2040,5,8.8,0.7647281160804991,0.11884408919272078,0.5729582731762617,0.8721781054861575,0.06546376190157752,0.0435063432092565,0.01739001683193512,0.1306591706458295,0.09438202247191012,0.06473011072953068
817,deception,20,16,4080,5,52.8,0.938560185254946,0.01640241037380457,0.9234011427006659,0.9600004539103351,0.3067977106747061,0.05076974922399644,0.2578804393434244,0.37028300035869005,0.350561797752809,0.05865938598933095
817,deception,20,32,8160,5,44.6,0.9281605227856478,0.023597370540087863,0.8999559297711417,0.9591315132645064,0.2732734463069263,0.08508412682904196,0.21142264877229258,0.4216091213250466,0.32284644194756557,0.06790294192305374
817,deception,20,64,16320,5,121.4,0.9710436831028716,0.008491051097071963,0.9627882818954328,0.9838975308579965,0.530934203627202,0.07286170898600723,0.4674108331595734,0.6358074628891041,0.5123595505617977,0.052661360309731245
817,deception,20,128,32640,5,277.6,0.9905462383018098,0.0021490720488630505,0.9880359281192057,0.9927783609781471,0.7368803939411378,0.02878024361017108,0.7074604451521238,0.7731435536111424,0.6494382022471911,0.027085670010134164
817,deception,20,256,65280,5,600.2,0.9953983537565081,0.0008654621648966041,0.9942297578779022,0.9964390362144175,0.8217240994689445,0.012972640012548553,0.8050113572955755,0.8382339372468978,0.7235955056179776,0.0146019390933468
817,deception,20,320,81600,1,755.0,0.9969390816984655,0.0,0.9969390816984655,0.9969390816984655,0.8532253562860791,0.0,0.8532253562860791,0.8532253562860791,0.7490636704119851,0.0
892,sycophancy-adj,5,2,510,2,3.5,0.679860275312171,0.08984646744293578,0.6163292289176147,0.7433913217067272,0.027109464919912812,0.026385621345377364,0.008452013140775965,0.04576691669904966,0.08088235294117647,0.09358766221586659
892,sycophancy-adj,5,4,1020,2,10.5,0.888713893485783,0.06845389123484964,0.8403096827950145,0.9371181041765516,0.05830503565956087,0.04994870504938706,0.02298596760765253,0.0936241037114692,0.1323529411764706,0.10398629135096286
892,sycophancy-adj,5,8,2040,5,9.6,0.8266081575262408,0.0447059158127196,0.7654494219485946,0.8675559245929338,0.039365088367595946,0.015413210760505804,0.017242859695997724,0.05475807296197311,0.07058823529411765,0.03510981290092153
892,sycophancy-adj,5,16,4080,5,27.8,0.9019766002013633,0.01513060591928766,0.8802778292115587,0.9230139970605595,0.11845986196932268,0.041359579570910875,0.06473160872698908,0.1728220931541749,0.21470588235294116,0.04236723614967039
892,sycophancy-adj,5,32,8160,5,31.6,0.9159975292497483,0.017394619558389997,0.891897443612503,0.9361843399567185,0.1297572588223847,0.04189255266489262,0.09047442218209872,0.19189757902356697,0.19117647058823528,0.056955637444226714
892,sycophancy-adj,5,64,16320,5,67.4,0.9433255025401859,0.015098991462517662,0.926131366376966,0.9626161599796322,0.20682152284715602,0.06847007519764764,0.10939347677575122,0.29034937903687663,0.2735294117647059,0.04943451857050475
892,sycophancy-adj,5,128,32640,5,155.2,0.9468136290518568,0.00647026474098322,0.937344493177952,0.9516728194327113,0.26746985233791437,0.04074881634288248,0.21503659426728383,0.3233095626196078,0.3088235294117647,0.027512186667455456
892,sycophancy-adj,5,256,65280,5,277.8,0.9376718531205517,0.003294328020014424,0.9344882306650775,0.9413594623369711,0.3156866692658759,0.024335083527411313,0.29435581217274304,0.3498910760047121,0.3411764705882353,0.028287329502457846
892,sycophancy-adj,5,320,81600,1,358.0,0.936437490597262,0.0,0.936437490597262,0.936437490597262,0.33862246998642753,0.0,0.33862246998642753,0.33862246998642753,0.3382352941176471,0.0
892,sycophancy-adj,8,2,510,2,3.5,0.7637072030759973,0.12974223095006193,0.6719655917649373,0.8554488143870572,0.030434698643404534,0.030648510420286774,0.00876292909195319,0.05210646819485588,0.08823529411764706,0.0831890330807703
892,sycophancy-adj,8,4,1020,2,10.5,0.9456698944578815,0.02308595910530745,0.9293456562243233,0.9619941326914397,0.12335438163875469,0.09222211879289692,0.05814349606490593,0.18856526721260344,0.16176470588235295,0.1663780661615406
892,sycophancy-adj,8,8,2040,5,9.6,0.9048924616078973,0.04424340269922098,0.8505890453761675,0.9514919975466086,0.08318737026079573,0.05522345507688167,0.0322833952640502,0.1652620323652304,0.1088235294117647,0.06625811956511064
892,sycophancy-adj,8,16,4080,5,27.8,0.9469329714966845,0.012586501230513292,0.9303806807003738,0.9637394255361008,0.20780665883093746,0.0835217313776346,0.10449304631939853,0.32720905658754035,0.2735294117647059,0.053631125084736685
892,sycophancy-adj,8,32,8160,5,31.6,0.9529534723588432,0.013427199241540962,0.9305513765608545,0.965912181319508,0.19971055840667273,0.04101727033908611,0.14086920944501274,0.23588405950231767,0.27647058823529413,0.0544316338921228
892,sycophancy-adj,8,64,16320,5,67.4,0.9715219995139506,0.006126753724066446,0.9635173762599668,0.9792438173380705,0.3080892111775028,0.05818192751112155,0.23092874729766727,0.3820563635731912,0.3558823529411764,0.0408071674279753
892,sycophancy-adj,8,128,32640,5,155.2,0.9764056370138061,0.0016042109290834725,0.9742610894446309,0.9780511161773384,0.3601575256216726,0.03160948933160403,0.3263490067316159,0.4031356221113116,0.4,0.021812348491457814
892,sycophancy-adj,8,256,65280,5,277.8,0.9689855747532145,0.004393917225229187,0.9655787457615351,0.9760107220145584,0.4117079461647485,0.011047083719498314,0.3973008589653327,0.4267888626564737,0.41764705882352937,0.02671456194791905
892,sycophancy-adj,8,320,81600,1,358.0,0.9723067664996355,0.0,0.9723067664996355,0.9723067664996355,0.42083992061009046,0.0,0.42083992061009046,0.42083992061009046,0.4411764705882353,0.0
892,sycophancy-adj,12,2,510,2,3.5,0.7510532874865469,0.21028046259431812,0.6023625464350604,0.8997440285380334,0.0393547415437127,0.04569200493479916,0.007045615008307018,0.07166386807911838,0.08088235294117647,0.11438492048605917
892,sycophancy-adj,12,4,1020,2,10.5,0.9451831219404937,0.014484535497494615,0.934941008667878,0.9554252352131094,0.14292825494459815,0.0857316990428222,0.08230678918877433,0.203549720700422,0.1985294117647059,0.09358766221586659
892,sycophancy-adj,12,8,2040,5,9.6,0.9007535932925206,0.06442327230367291,0.8154177419541495,0.9749728043883301,0.0981684370114337,0.07903123644508943,0.02532240982619245,0.2056432458780409,0.14705882352941177,0.08574929257125442
892,sycophancy-adj,12,16,4080,5,27.8,0.9588281584520489,0.010477665027315983,0.9492816308108921,0.9747283331983196,0.2167795327292402,0.05353421720646918,0.13672668470201327,0.28372133207422906,0.27647058823529413,0.024164230478169096
892,sycophancy-adj,12,32,8160,5,31.6,0.9670018863339159,0.01341578772799483,0.9450178507365959,0.9803844417956047,0.2102139324782934,0.05834896086965304,0.11322826985056655,0.26200963195332194,0.25882352941176473,0.05657465900491571
892,sycophancy-adj,12,64,16320,5,67.4,0.9802953327701335,0.008580690200376058,0.9698569915867193,0.9903947414102371,0.3105262629085916,0.06291401021678687,0.24858853937719688,0.3984276807628345,0.3558823529411764,0.07382294351771254
892,sycophancy-adj,12,128,32640,5,155.2,0.9855450984249691,0.0028975273670085273,0.9808726608880813,0.9875739199870386,0.4010612305688931,0.046211014262750066,0.34807774496930266,0.4645898682170705,0.39999999999999997,0.038065232663367
892,sycophancy-adj,12,256,65280,5,277.8,0.9854616310423442,0.001194002127539667,0.9836891425860134,0.9866083311152515,0.4372382612735245,0.009375593088812504,0.42061413873726067,0.44253479327420064,0.43235294117647055,0.02230257483544574
892,sycophancy-adj,12,320,81600,1,358.0,0.987435048778512,0.0,0.987435048778512,0.987435048778512,0.45250897880011304,0.0,0.45250897880011304,0.45250897880011304,0.39705882352941174,0.0
892,sycophancy-adj,20,2,510,2,3.5,0.7376089994329424,0.2136439577992641,0.5865399081135503,0.8886780907523347,0.047381733528287014,0.052859490728757154,0.010004429183915392,0.08475903787265864,0.07352941176470588,0.10398629135096288
892,sycophancy-adj,20,4,1020,2,10.5,0.9528510548425548,0.006750005278624866,0.9480780803369941,0.9576240293481154,0.09705955046067616,0.039279675507142946,0.06928462554676824,0.12483447537458407,0.15441176470588236,0.072790403945674
892,sycophancy-adj,20,8,2040,5,9.6,0.8908333429771673,0.06882199482408254,0.8267820358519171,0.9784727928157294,0.07539999726691816,0.07480270419718744,0.02022007356669847,0.19834015000442567,0.10882352941176472,0.10273087762689989
892,sycophancy-adj,20,16,4080,5,27.8,0.9730761997893786,0.016388358732216664,0.9449108041800234,0.9845744465403711,0.2456534598343362,0.09132049790063139,0.11182270378079892,0.3398293776615381,0.3029411764705882,0.06706914265289049
892,sycophancy-adj,20,32,8160,5,31.6,0.9729188124197151,0.016561992885569355,0.9439878892733564,0.9862842982953559,0.2205701130919603,0.0830469391512498,0.08751761092011347,0.29259589384623585,0.2529411764705882,0.07083290928701351
892,sycophancy-adj,20,64,16320,5,67.4,0.9894482473296223,0.0025446506115105786,0.9865569776995985,0.9924018643459744,0.3739131587759895,0.05526821721706078,0.3270814813435928,0.4346229046069087,0.36176470588235293,0.0246076478392375
892,sycophancy-adj,20,128,32640,5,155.2,0.9951147712675471,0.001105025894858244,0.9937876832810638,0.9963322088622977,0.5225068940248109,0.043662198378965456,0.4579609234084908,0.5735672025336885,0.4882352941176471,0.03946002313234923
892,sycophancy-adj,20,256,65280,5,277.8,0.9972539665088934,0.0003085525505580726,0.9967792005647429,0.997624723704158,0.6389468572564624,0.013959903264594226,0.6199261265167751,0.6504150213897903,0.5764705882352941,0.012303823919618767
892,sycophancy-adj,20,320,81600,1,358.0,0.9977267072479198,0.0,0.9977267072479198,0.9977267072479198,0.6637042368769325,0.0,0.6637042368769325,0.6637042368769325,0.5882352941176471,0.0
1031,harm,5,2,510,2,2.0,0.6519779464819329,0.16268126110448006,0.5369449235829756,0.76701096938089,0.03523558553241959,0.04263701643751457,0.005086662079890739,0.06538450898494844,0.07731958762886598,0.10934640946183725
1031,harm,5,4,1020,3,2.6666666666666665,0.7850339690459301,0.023900821199843304,0.7576900676401994,0.8019435957613293,0.029823484899111064,0.014777778950880558,0.013932918359013807,0.04315394894580449,0.06872852233676977,0.04648711085384427
1031,harm,5,8,2040,5,10.0,0.8203840679682195,0.0432355190119931,0.775553457896375,0.8769340369687888,0.06030784283974831,0.04632117547289292,0.0252134822260524,0.1374923997694196,0.11546391752577319,0.0769406521940012
1031,harm,5,16,4080,5,37.8,0.9094281937918879,0.0348146660049489,0.8612164877365642,0.9526315495500893,0.20016723322944713,0.12894100807265477,0.053130161629232064,0.3422252800930374,0.2618556701030928,0.1284736295230877
1031,harm,5,32,8160,5,43.4,0.9352251533595919,0.014896093488991617,0.9173175870104007,0.9519790635785377,0.24349541297519353,0.06538317331160244,0.1593421344997147,0.34152818161030746,0.31340206185567004,0.05336981074451457
1031,harm,5,64,16320,5,103.8,0.9434393678045649,0.0227634162897927,0.9049472654236768,0.9636486609312218,0.2745497298142341,0.07739851144238463,0.15438633786151318,0.33673150656839973,0.3422680412371134,0.06072856278360059
1031,harm,5,128,32640,5,215.4,0.9689506045269832,0.005667285931521899,0.9611834318324801,0.9769659757762678,0.4052057173302198,0.0497979632823555,0.31815094080104156,0.4420895148796202,0.42061855670103093,0.03372253037896108
1031,harm,5,256,65280,5,456.2,0.9767199098604593,0.0036354435036093356,0.9725488742458964,0.9811063420113122,0.4832382243831049,0.010530894519610458,0.46574597387852723,0.49345561271736055,0.4783505154639175,0.024828030059365562
1031,harm,5,320,81600,1,559.0,0.9778276634756634,0.0,0.9778276634756634,0.9778276634756634,0.4982540192152806,0.0,0.4982540192152806,0.4982540192152806,0.4948453608247423,0.0
1031,harm,8,2,510,2,2.0,0.7256876618203292,0.13734410978136435,0.6285707104378968,0.8228046132027615,0.038158916902165343,0.04480483053750828,0.0064771173991791334,0.06984071640515155,0.06701030927835051,0.08018736693868066
1031,harm,8,4,1020,3,2.6666666666666665,0.8110867775875893,0.038084274932371626,0.788589467505437,0.8550587465871429,0.03209898079259827,0.02000674162423283,0.019082756234271032,0.0551359506881917,0.061855670103092786,0.04493710251072859
1031,harm,8,8,2040,5,10.0,0.8827497434486092,0.039001663847028495,0.8266641819730058,0.935190624919074,0.09015192928248253,0.06407579965662842,0.038045885802945406,0.1850209830708203,0.14432989690721648,0.09968597734955523
1031,harm,8,16,4080,5,37.8,0.9354507053195633,0.02469986721367094,0.895455498679541,0.9563433569057643,0.2544975936948213,0.14611894599146796,0.06795996804636405,0.41291557980735183,0.30927835051546393,0.13696216758336519
1031,harm,8,32,8160,5,43.4,0.9458963710101245,0.017678767247742536,0.9202281314375865,0.961930871015456,0.30052283887964887,0.06440955682380017,0.1931387699232661,0.358226121463188,0.32989690721649484,0.05154639175257731
1031,harm,8,64,16320,5,103.8,0.9529225024385711,0.010754210038760667,0.9367662389032955,0.9649262132303845,0.33278280153000017,0.0680909081202359,0.2172066768156067,0.3856963518039657,0.3608247422680412,0.04667724298008979
1031,harm,8,128,32640,5,215.4,0.9689897029081578,0.004500063894641458,0.9626859267661932,0.9749359065822887,0.43126731173358834,0.038829497205777795,0.3716624290917884,0.4693821155471905,0.4185567010309278,0.031439073571086405
1031,harm,8,256,65280,5,456.2,0.9756509499637198,0.0005939367221150378,0.9751227663780326,0.9765704220238643,0.45235272455760506,0.013808505954521395,0.43960256503523265,0.46733115633265465,0.4371134020618556,0.015634794730003197
1031,harm,8,320,81600,1,559.0,0.977948513017476,0.0,0.977948513017476,0.977948513017476,0.46627613157563497,0.0,0.46627613157563497,0.46627613157563497,0.44329896907216493,0.0
1031,harm,12,2,510,2,2.0,0.751613696823028,0.11317225019480155,0.6715888312681433,0.8316385623779128,0.03649160430209267,0.03994565648293321,0.008245759724062217,0.06473744888012312,0.06701030927835051,0.09476688820025894
1031,harm,12,4,1020,3,2.6666666666666665,0.8363413698278638,0.0272388783177103,0.8056335689560884,0.8575884626262635,0.04075555747577614,0.007543212472608688,0.035819569787490374,0.049438619586860084,0.09278350515463918,0.02061855670103093
1031,harm,12,8,2040,5,10.0,0.8834478272724919,0.055084545050946246,0.7901488328117676,0.9255815630314143,0.10055088929404661,0.06878651553804785,0.030801868210186066,0.1834438173583699,0.15876288659793814,0.10851709168610942
1031,harm,12,16,4080,5,37.8,0.9471253296069699,0.023750358871735034,0.919979831328568,0.9741361669673518,0.2855613658103806,0.15691048983425965,0.08896040532771511,0.45075479875018315,0.3278350515463918,0.14550333001548332
1031,harm,12,32,8160,5,43.4,0.9576812831987148,0.011568348520088166,0.9449266296027553,0.9726280865506138,0.34241293739588896,0.06988370555958018,0.23177792831991775,0.42431437581860504,0.36288659793814426,0.058952488476271325
1031,harm,12,64,16320,5,103.8,0.9728325152293273,0.00535972069596546,0.964579405511653,0.9777047828491143,0.4113069588831726,0.07271609827181102,0.28326671760167116,0.4577654897696422,0.40824742268041236,0.0452904796628635
1031,harm,12,128,32640,5,215.4,0.9797574986379038,0.0027399219606796333,0.976913675344307,0.9834339651191663,0.5042680029978092,0.03203671958172417,0.4624210629586133,0.5504709356231211,0.4948453608247423,0.034192008147993815
1031,harm,12,256,65280,5,456.2,0.9834895152867054,0.0006768826623766792,0.9824859563184761,0.9843124092676365,0.5603361944210058,0.008806793700631425,0.5467787983778515,0.5692356239399474,0.5298969072164949,0.00564662430417695
1031,harm,12,320,81600,1,559.0,0.9828439350032574,0.0,0.9828439350032574,0.9828439350032574,0.5700937056041196,0.0,0.5700937056041196,0.5700937056041196,0.5567010309278351,0.0
1031,harm,20,2,510,2,2.0,0.7557392107509378,0.12144095641786012,0.6698674869540889,0.8416109345477867,0.04483025916793222,0.052470833237422,0.007727777171242636,0.0819327411646218,0.07731958762886598,0.10934640946183725
1031,harm,20,4,1020,3,2.6666666666666665,0.830070734218514,0.07683333084318258,0.7716811948465288,0.9171132091088057,0.05061958377120759,0.04969368780918652,0.02005184043072949,0.10795904256586907,0.08591065292096219,0.09578941487811928
1031,harm,20,8,2040,5,10.0,0.9143889659290615,0.041220913547548706,0.8666450694656367,0.9690117401775472,0.15821761620818645,0.12711603737887808,0.04441366957729631,0.32896888651144707,0.19381443298969073,0.12822521105761744
1031,harm,20,16,4080,5,37.8,0.9646706012163151,0.027561693859004147,0.9272841198116575,0.9915151435139086,0.3441544098569681,0.19119465276234818,0.09629730153628042,0.5481652131907019,0.356701030927835,0.1374656354703776
1031,harm,20,32,8160,5,43.4,0.9827143517970784,0.005306496660406563,0.9749227045315024,0.9884593765280738,0.4614363825056317,0.07456327907379016,0.35802164915597445,0.5568237048593213,0.4371134020618557,0.059042561085675675
1031,harm,20,64,16320,5,103.8,0.990612427902839,0.005024185240998037,0.9820188068291162,0.9940123621972478,0.5607152466217652,0.08327832743436833,0.4179657560994963,0.6146656839150347,0.5010309278350515,0.05185474779364656
1031,harm,20,128,32640,5,215.4,0.9946391549468846,0.0011495071384899432,0.9927942191266234,0.9955925461221262,0.6812348548363539,0.03462182535386628,0.6506601712442412,0.7201948872788131,0.6020618556701031,0.034655126420560026
1031,harm,20,256,65280,5,456.2,0.9968965025228611,0.0001959243519607768,0.9966228138546385,0.9971260150980684,0.7688787122001564,0.006880545198902312,0.7588556385978129,0.7758908196080354,0.6701030927835051,0.012626235787542154
1031,harm,20,320,81600,1,559.0,0.9971620668521386,0.0,0.9971620668521386,0.9971620668521386,0.7869519270645331,0.0,0.7869519270645331,0.7869519270645331,0.6804123711340206,0.0
9989,refusal,5,2,510,1,1.0,0.47427133519102066,0.0,0.47427133519102066,0.47427133519102066,0.008156648415213196,0.0,0.008156648415213196,0.008156648415213196,0.0,0.0
9989,refusal,5,4,1020,3,10.666666666666666,0.6449385834700556,0.14112353188738325,0.4827537175447278,0.7397387952811271,0.0318151651236616,0.022097527097782184,0.008319541101974826,0.05218083317361758,0.054385964912280704,0.04775669329409193
9989,refusal,5,8,2040,5,13.6,0.651187244459491,0.08581536279101418,0.5664288132503451,0.7545235553009192,0.02466120994713659,0.012468642560985252,0.013399179808030967,0.041626102077935365,0.05263157894736843,0.03777026340633506
9989,refusal,5,16,4080,5,43.8,0.7719004661579729,0.016825989020494824,0.7509224198546838,0.7942907367379359,0.061347661321890866,0.02421834138873752,0.03106242488918384,0.09189381997322299,0.08947368421052633,0.041940466975024286
9989,refusal,5,32,8160,5,70.6,0.800968671059142,0.01673067647327379,0.7771525300138024,0.8171079976041041,0.06476466951601687,0.019014535170422765,0.03740639792241994,0.08667250827155557,0.08947368421052632,0.022637698071164808
9989,refusal,5,64,16320,5,140.6,0.8280350529961717,0.023280280664517504,0.7966105888174172,0.8567116331154456,0.08531158022729486,0.01430921390447514,0.0701409808744534,0.10157792090635274,0.15157894736842104,0.018002769869986394
9989,refusal,5,128,32640,5,297.8,0.8665948071564363,0.006177090744401209,0.858397354097763,0.8720768770020052,0.11331400688448792,0.014381014087264315,0.09434596330922833,0.13384273812047806,0.17789473684210527,0.018756347032847853
9989,refusal,5,256,65280,5,658.8,0.8868397093674314,0.0024513089718902455,0.8842001093778482,0.8906773613896195,0.15377174943652833,0.010703864631760592,0.14495274992242946,0.1674324300672543,0.2357894736842105,0.014122534594735508
9989,refusal,5,320,81600,1,845.0,0.8913195656136877,0.0,0.8913195656136877,0.8913195656136877,0.16207089527586208,0.0,0.16207089527586208,0.16207089527586208,0.21052631578947367,0.0
9989,refusal,8,2,510,1,1.0,0.47181371910726844,0.0,0.47181371910726844,0.47181371910726844,0.00814500594203324,0.0,0.00814500594203324,0.00814500594203324,0.005263157894736842,0.0
9989,refusal,8,4,1020,3,10.666666666666666,0.6703879441304895,0.1550772580850959,0.49213443058412976,0.7742869605979323,0.03348329495129121,0.024792975980602903,0.008511041628439703,0.05809301765346541,0.04912280701754387,0.040198032411893334
9989,refusal,8,8,2040,5,13.6,0.7020517721815673,0.09037701607954263,0.5929891403421964,0.7906096512930024,0.03422639946588375,0.026286842104114215,0.014563482355045142,0.0762647579614879,0.05263157894736842,0.064888568452305
9989,refusal,8,16,4080,5,43.8,0.8402478710383082,0.011627542924508705,0.8275461600562514,0.8532315945727753,0.08396270187287956,0.028499965995609375,0.04666190372920545,0.1205071467795107,0.11578947368421053,0.03702959810386918
9989,refusal,8,32,8160,5,70.6,0.8405763691762808,0.02937995677261477,0.7904528763769889,0.8646287663741243,0.0862094784153778,0.031878049554702075,0.040498571394290285,0.1206606549718611,0.12631578947368421,0.05705127207547052
9989,refusal,8,64,16320,5,140.6,0.8659205187635093,0.013697518739603043,0.8468467928852312,0.8835935831662283,0.10085485313202233,0.016219327384844762,0.08346464424167276,0.12396350861965787,0.16526315789473686,0.019194297398747864
9989,refusal,8,128,32640,5,297.8,0.8949867444464701,0.009928798447869952,0.8846821531810724,0.9088697622333914,0.15406252056480257,0.028906764863792626,0.1172395181491502,0.19182214615218374,0.2357894736842105,0.023360358969654892
9989,refusal,8,256,65280,5,658.8,0.9033187583009973,0.0033273603036305627,0.8991158623922497,0.9069085132425323,0.1768459880299595,0.012475587400466163,0.16342978683635762,0.1941704326382155,0.2768421052631579,0.012116699403390873
9989,refusal,8,320,81600,1,845.0,0.9060301049506498,0.0,0.9060301049506498,0.9060301049506498,0.17479910482458597,0.0,0.17479910482458597,0.17479910482458597,0.28421052631578947,0.0
9989,refusal,12,2,510,1,1.0,0.4760914346727779,0.0,0.4760914346727779,0.4760914346727779,0.008146910494830455,0.0,0.008146910494830455,0.008146910494830455,0.0,0.0
9989,refusal,12,4,1020,3,10.666666666666666,0.6911987725374793,0.1757022753070804,0.4886213182634965,0.8021348212193026,0.04763005859753869,0.03476104869867865,0.008365524020752623,0.07447708506300668,0.06666666666666667,0.06145361364258595
9989,refusal,12,8,2040,5,13.6,0.7246923878225995,0.09431908017373825,0.6130753405036589,0.8271402901117216,0.04525215267327506,0.04095489897864267,0.015744998935239035,0.11319892536669367,0.07263157894736842,0.07557718807511113
9989,refusal,12,16,4080,5,43.8,0.853423682908409,0.01604809574650236,0.8248248652308654,0.8625294929555457,0.09709508962583924,0.02998189163260753,0.06156033965902459,0.14284220455810667,0.13578947368421052,0.031226098893034373
9989,refusal,12,32,8160,5,70.6,0.8603512591473736,0.02240637849463244,0.8291132581577645,0.887939529675252,0.10930541970520764,0.021279505702201072,0.08415896405720663,0.12768274884763947,0.1642105263157895,0.03557988164453804
9989,refusal,12,64,16320,5,140.6,0.890056433761296,0.010201767785554537,0.874041381285971,0.9013325867861143,0.13711586102979723,0.02183860399280731,0.1131041416710922,0.16988971430775693,0.22210526315789472,0.03231596091159738
9989,refusal,12,128,32640,5,297.8,0.9168595015495196,0.009551188200466907,0.9012041980259903,0.9251418005677232,0.21617402564491503,0.0406990370560278,0.16238611855601365,0.2713143120398969,0.2957894736842105,0.049147863283910534
9989,refusal,12,256,65280,5,658.8,0.9281290137764004,0.0037621351968402865,0.9242792781062008,0.9338269225761087,0.26727761556709795,0.013977216840946985,0.2565548528523645,0.2886261323527961,0.3336842105263158,0.019902810948620054
9989,refusal,12,320,81600,1,845.0,0.9341469829943487,0.0,0.9341469829943487,0.9341469829943487,0.28150886445509554,0.0,0.28150886445509554,0.28150886445509554,0.3473684210526316,0.0
9989,refusal,20,2,510,1,1.0,0.5624729810672153,0.0,0.5624729810672153,0.5624729810672153,0.011043611711536616,0.0,0.011043611711536616,0.011043611711536616,0.005263157894736842,0.0
9989,refusal,20,4,1020,3,10.666666666666666,0.7697092806236272,0.1492901977284405,0.5977555405088674,0.8662453449308575,0.08026166698372321,0.059180151546626814,0.012085221972286906,0.11838344825108942,0.11228070175438594,0.09449286322452793
9989,refusal,20,8,2040,5,13.6,0.8194517044714706,0.071473774516623,0.7488027031953957,0.9024870439334357,0.10254902388072822,0.09637778687167847,0.027791056685066543,0.2528635594735702,0.13789473684210524,0.10174379860225694
9989,refusal,20,16,4080,5,43.8,0.9489535925414725,0.011061551262890894,0.9309179926560589,0.9574587879892705,0.27368235435188054,0.05767474421424866,0.20625674687303563,0.34671555931932574,0.3231578947368421,0.03931547241470125
9989,refusal,20,32,8160,5,70.6,0.9525860048438762,0.010531834184512671,0.9425956405114716,0.9686796531159666,0.33501804044585404,0.06811088151585626,0.2750026825867637,0.44328562466526883,0.37157894736842106,0.06516546168118419
9989,refusal,20,64,16320,5,140.6,0.9727853329513788,0.007230072975123964,0.9617677543686034,0.9807221542227662,0.5036069914885157,0.04971170669806636,0.43293216485551855,0.5676345243438674,0.4936842105263158,0.04872331288856049
9989,refusal,20,128,32640,5,297.8,0.9885681397953071,0.0021906949018092336,0.9848673142529754,0.9901764368863774,0.6724201912378527,0.027231065266523632,0.638300184702625,0.700724158103118,0.6042105263157895,0.021827833003502887
9989,refusal,20,256,65280,5,658.8,0.9942970389853902,0.000790155479754366,0.9930558087450195,0.9948876272819606,0.7853545350660511,0.006842895586795129,0.7766771680845628,0.7927075057855231,0.6947368421052632,0.009846466807299831
9989,refusal,20,320,81600,1,845.0,0.9959389567436653,0.0,0.9959389567436653,0.9959389567436653,0.8167421163332819,0.0,0.8167421163332819,0.8167421163332819,0.7052631578947368,0.0
12730,ethics,5,4,1020,3,3.6666666666666665,0.6068102227688943,0.03215104045772302,0.5712626486264862,0.6338558425584255,0.007025418737148895,0.0010839582455245101,0.00588249931094828,0.008038768557572865,0.022222222222222223,0.015396007178390021
12730,ethics,5,8,2040,3,5.666666666666667,0.6707975399753998,0.03529064068450333,0.6301166051660516,0.6931936039360393,0.013893691096623166,0.007295477779027553,0.0059284145334352915,0.020251149998439244,0.031111111111111114,0.02775554665954844
12730,ethics,5,16,4080,5,18.2,0.7393792209922099,0.056019470915760906,0.6592846248462485,0.7923260352603526,0.021031821111499198,0.014048007117579411,0.009390147593814934,0.044174198837947036,0.04266666666666667,0.01738453974720706
12730,ethics,5,32,8160,5,37.4,0.7780666830668307,0.05089741396937278,0.7114597785977859,0.8475499794997952,0.04810271226396477,0.018679149356341736,0.027816519657875127,0.07738136996954294,0.07733333333333334,0.04152643067305983
12730,ethics,5,64,16320,5,106.8,0.8368658630586306,0.02426703362030495,0.8034591225912259,0.8590412464124642,0.06213125558534112,0.030177262024558994,0.030029806235356248,0.11096781285333021,0.096,0.03818085616873694
12730,ethics,5,128,32640,5,224.2,0.8583739565395654,0.01721338415983192,0.836819680196802,0.8798530545305453,0.06197193106583256,0.012919015002139411,0.048632924189916646,0.0829869111373787,0.12,0.01632993161855452
12730,ethics,5,256,65280,5,399.2,0.8712915129151291,0.012459163614235639,0.8573389093890937,0.8847671996719967,0.07838348706142212,0.014156762578383345,0.061165568364941636,0.09727752751451843,0.13333333333333336,0.021081851067789197
12730,ethics,5,320,81600,1,506.0,0.8733763017630177,0.0,0.8733763017630177,0.8733763017630177,0.07768419135689944,0.0,0.07768419135689944,0.07768419135689944,0.12,0.0
12730,ethics,8,4,1020,3,3.6666666666666665,0.6684564712313789,0.06488003490655907,0.5951075030750308,0.7183357113571136,0.009144033109001146,0.0006645461592843419,0.008400532938881815,0.00968018277007597,0.017777777777777778,0.007698003589195011
12730,ethics,8,8,2040,3,5.666666666666667,0.7456673500068334,0.04504893543206066,0.6956195161951619,0.7829720377203773,0.034947743353761995,0.029674037417236995,0.007001096754822071,0.06609043485782967,0.05777777777777778,0.05388602512436507
12730,ethics,8,16,4080,5,18.2,0.7699260352603525,0.05042478777828383,0.7045362853628536,0.8458371463714636,0.035959366756987445,0.025138081106572854,0.015285282495618367,0.07537051551842622,0.064,0.017384539747207065
12730,ethics,8,32,8160,5,37.4,0.8233153915539155,0.04708559023540719,0.7479045510455105,0.867689380893809,0.05938381277644992,0.01599880256771416,0.04692748361831837,0.08608967104637512,0.08,0.021081851067789197
12730,ethics,8,64,16320,5,106.8,0.897140926609266,0.018162159233254434,0.8676218122181222,0.9126743747437475,0.10086105316975569,0.041685528080383005,0.05582907752675919,0.16957074102507289,0.17066666666666666,0.06626545941220896
12730,ethics,8,128,32640,5,224.2,0.9147536531365313,0.007269799296002365,0.9031491594915948,0.9227125871258712,0.10863347400745642,0.029262200670369325,0.0785117977290927,0.15076770285943644,0.16266666666666668,0.03699849846803095
12730,ethics,8,256,65280,5,399.2,0.9167050102501026,0.00852469973357792,0.9057640016400164,0.927940303403034,0.14819537154550294,0.014356263547987408,0.13716829231474856,0.17114567247791526,0.21333333333333332,0.03771236166328253
12730,ethics,8,320,81600,1,506.0,0.9245559655596556,0.0,0.9245559655596556,0.9245559655596556,0.18194986931868828,0.0,0.18194986931868828,0.18194986931868828,0.24,0.0
12730,ethics,12,4,1020,3,3.6666666666666665,0.6759301353013529,0.019426210458453223,0.6535045510455104,0.6875873718737187,0.008419451213558629,0.0005089881543791433,0.007941384181812578,0.008954555457749107,0.013333333333333334,0.0
12730,ethics,12,8,2040,3,5.666666666666667,0.720492770261036,0.05291987151074275,0.6633515375153751,0.7678163181631816,0.03799453184906098,0.02711985669582679,0.009210354347560722,0.06306791131646965,0.07111111111111111,0.061584028713560085
12730,ethics,12,16,4080,5,18.2,0.7558203198031981,0.04993251818505185,0.7082358343583437,0.826469208692087,0.027610190574961734,0.009557826897952613,0.017891161815131056,0.03811321875245944,0.06666666666666667,0.024944382578492946
12730,ethics,12,32,8160,5,37.4,0.8012954817548176,0.07242737209883451,0.6875053710537106,0.8647714637146372,0.057908791567391274,0.004335911220917109,0.0512040998067633,0.06328645168246412,0.08266666666666667,0.025647178748895126
12730,ethics,12,64,16320,5,106.8,0.8766210414104142,0.018357151571323588,0.8470940549405495,0.8931765477654776,0.0950608316906322,0.022782608995790432,0.06360328024288314,0.11926644867127346,0.1706666666666667,0.03818085616873695
12730,ethics,12,128,32640,5,224.2,0.9090130709307094,0.009702129035125991,0.9017092250922509,0.9255281672816729,0.12476932726574115,0.016584188289948624,0.10735356197111569,0.1441174520785905,0.18133333333333335,0.024221202832779936
12730,ethics,12,256,65280,5,399.2,0.9119669372693726,0.009245247491566671,0.8979817958179582,0.9216360803608035,0.17145315207357573,0.026464909101091685,0.1388908391804698,0.21037494416787397,0.21600000000000003,0.035777087639996624
12730,ethics,12,320,81600,1,506.0,0.9181185731857318,0.0,0.9181185731857318,0.9181185731857318,0.17366632997115977,0.0,0.17366632997115977,0.17366632997115977,0.21333333333333335,0.0
12730,ethics,20,4,1020,3,3.6666666666666665,0.76796676233429,0.035618055487172964,0.7321426814268143,0.8033751537515376,0.018171082154223844,0.005310068736600224,0.012360068778803607,0.02277096856632706,0.04,0.026666666666666665
12730,ethics,20,8,2040,3,5.666666666666667,0.8395029656963237,0.04381612025870582,0.7978810988109881,0.8852250922509226,0.06270639107951857,0.04273112907659547,0.018605547312966927,0.10392152210406015,0.09777777777777776,0.05047918529600243
12730,ethics,20,16,4080,5,18.2,0.8711284952849528,0.04874806050247843,0.8052880688806888,0.9273177531775317,0.08245442414048679,0.06864068037802817,0.03703974188033094,0.2040910844881059,0.11733333333333333,0.08712698268109087
12730,ethics,20,32,8160,5,37.4,0.9162657482574825,0.042822857101324024,0.846968101681017,0.9633246412464125,0.1619189640604118,0.07266689741444697,0.07769736856335792,0.27765421686095115,0.2,0.0947511360236793
12730,ethics,20,64,16320,5,106.8,0.9626378023780238,0.0138773008784008,0.9380106601066011,0.971350225502255,0.3343785349761685,0.11258636952952678,0.1344886994496766,0.39697740761131245,0.36533333333333334,0.08620389266797128
12730,ethics,20,128,32640,5,224.2,0.9804170233702336,0.0071132758513884715,0.9718212382123821,0.9912724887248873,0.530615859224452,0.08084057916570861,0.4402602772897364,0.6136024887622245,0.4906666666666667,0.08401058134412459
12730,ethics,20,256,65280,5,399.2,0.9905279212792129,0.003164681272744798,0.98539926199262,0.9938013940139402,0.6686436107106292,0.03548489967520609,0.6286411479485688,0.7120667879963499,0.608,0.03841296077570114
12730,ethics,20,320,81600,1,506.0,0.9930063140631405,0.0,0.9930063140631405,0.9930063140631405,0.7040105198174587,0.0,0.7040105198174587,0.7040105198174587,0.64,0.0
