feature_idx,feature_theme,layer,n_seq,n_tokens,subsample_seed,n_train_pos,n_test,n_test_pos,auc_roc,auc_pr,p_at_k,C,n_iter,converged,fit_seconds,degenerate
9989,refusal,5,2,510,10,0,,,,,,0.001,,,0.0,1
817,deception,5,2,510,10,0,,,,,,0.001,,,0.0,1
12730,ethics,5,2,510,10,0,,,,,,0.001,,,0.0,1
892,sycophancy-adj,5,2,510,10,0,,,,,,0.001,,,0.0,1
1031,harm,5,2,510,10,1,20400,97,0.5369449235829756,0.005086662079890739,0.0,0.001,19,1,0.169,0
9989,refusal,5,2,510,11,1,20400,190,0.47427133519102066,0.008156648415213196,0.0,0.001,20,1,0.09,0
817,deception,5,2,510,11,1,20400,267,0.5811867002039435,0.022214220026278115,0.0599250936329588,0.001,18,1,0.093,0
12730,ethics,5,2,510,11,0,,,,,,0.001,,,0.0,1
892,sycophancy-adj,5,2,510,11,6,20400,68,0.7433913217067272,0.04576691669904966,0.14705882352941177,0.001,19,1,0.08,0
1031,harm,5,2,510,11,0,,,,,,0.001,,,0.0,1
9989,refusal,5,2,510,12,0,,,,,,0.001,,,0.0,1
817,deception,5,2,510,12,23,20400,267,0.6871765307521461,0.045042580815886066,0.0898876404494382,0.001,19,1,0.076,0
12730,ethics,5,2,510,12,0,,,,,,0.001,,,0.0,1
892,sycophancy-adj,5,2,510,12,1,20400,68,0.6163292289176147,0.008452013140775965,0.014705882352941176,0.001,18,1,0.075,0
1031,harm,5,2,510,12,3,20400,97,0.76701096938089,0.06538450898494844,0.15463917525773196,0.001,19,1,0.064,0
9989,refusal,5,2,510,13,0,,,,,,0.001,,,0.0,1
817,deception,5,2,510,13,0,,,,,,0.001,,,0.0,1
12730,ethics,5,2,510,13,0,,,,,,0.001,,,0.0,1
892,sycophancy-adj,5,2,510,13,0,,,,,,0.001,,,0.0,1
1031,harm,5,2,510,13,0,,,,,,0.001,,,0.0,1
9989,refusal,5,2,510,14,0,,,,,,0.001,,,0.0,1
817,deception,5,2,510,14,1,20400,267,0.5147361804301024,0.013151931714015418,0.003745318352059925,0.001,18,1,0.097,0
12730,ethics,5,2,510,14,0,,,,,,0.001,,,0.0,1
892,sycophancy-adj,5,2,510,14,0,,,,,,0.001,,,0.0,1
1031,harm,5,2,510,14,0,,,,,,0.001,,,0.0,1
9989,refusal,5,4,1020,10,8,20400,190,0.712323237584312,0.05218083317361758,0.08947368421052632,0.001,18,1,0.104,0
817,deception,5,4,1020,10,7,20400,267,0.7309087452337091,0.03444491111302772,0.0599250936329588,0.001,19,1,0.12,0
12730,ethics,5,4,1020,10,1,20400,75,0.6153121771217712,0.00588249931094828,0.013333333333333334,0.001,18,1,0.136,0
892,sycophancy-adj,5,4,1020,10,0,,,,,,0.001,,,0.0,1
1031,harm,5,4,1020,10,4,20400,97,0.8019435957613293,0.04315394894580449,0.1134020618556701,0.001,19,1,0.127,0
9989,refusal,5,4,1020,11,1,20400,190,0.4827537175447278,0.008319541101974826,0.0,0.001,19,1,0.11,0
817,deception,5,4,1020,11,1,20400,267,0.6197860073209784,0.02436292428791943,0.0599250936329588,0.001,19,1,0.104,0
12730,ethics,5,4,1020,11,0,,,,,,0.001,,,0.0,1
892,sycophancy-adj,5,4,1020,11,8,20400,68,0.8403096827950145,0.02298596760765253,0.058823529411764705,0.001,19,1,0.116,0
1031,harm,5,4,1020,11,2,20400,97,0.7954682437362617,0.0323835873925149,0.07216494845360824,0.001,19,1,0.116,0
9989,refusal,5,4,1020,12,0,,,,,,0.001,,,0.0,1
817,deception,5,4,1020,12,5,20400,267,0.6330687445342407,0.03399394646190077,0.052434456928838954,0.001,21,1,0.14,0
12730,ethics,5,4,1020,12,8,20400,75,0.6338558425584255,0.00715498834292554,0.04,0.001,18,1,0.099,0
892,sycophancy-adj,5,4,1020,12,13,20400,68,0.9371181041765516,0.0936241037114692,0.20588235294117646,0.001,18,1,0.098,0
1031,harm,5,4,1020,12,2,20400,97,0.7576900676401994,0.013932918359013807,0.020618556701030927,0.001,18,1,0.114,0
9989,refusal,5,4,1020,13,0,,,,,,0.001,,,0.0,1
817,deception,5,4,1020,13,3,20400,267,0.6023932422424584,0.017460363735921414,0.02247191011235955,0.001,19,1,0.121,0
12730,ethics,5,4,1020,13,0,,,,,,0.001,,,0.0,1
892,sycophancy-adj,5,4,1020,13,0,,,,,,0.001,,,0.0,1
1031,harm,5,4,1020,13,0,,,,,,0.001,,,0.0,1
9989,refusal,5,4,1020,14,23,20400,190,0.7397387952811271,0.0349451210953924,0.07368421052631578,0.001,17,1,0.1,0
817,deception,5,4,1020,14,5,20400,267,0.6114152682414751,0.020373355331408986,0.02247191011235955,0.001,20,1,0.115,0
12730,ethics,5,4,1020,14,2,20400,75,0.5712626486264862,0.008038768557572865,0.013333333333333334,0.001,19,1,0.125,0
892,sycophancy-adj,5,4,1020,14,0,,,,,,0.001,,,0.0,1
1031,harm,5,4,1020,14,0,,,,,,0.001,,,0.0,1
9989,refusal,5,8,2040,10,4,20400,190,0.6134332925336596,0.013399179808030967,0.005263157894736842,0.001,19,1,0.266,0
817,deception,5,8,2040,10,3,20400,267,0.5895457194674143,0.017576808761469734,0.018726591760299626,0.001,20,1,0.249,0
12730,ethics,5,8,2040,10,0,,,,,,0.001,,,0.0,1
892,sycophancy-adj,5,8,2040,10,2,20400,68,0.7654494219485946,0.017242859695997724,0.04411764705882353,0.001,16,1,0.245,0
1031,harm,5,8,2040,10,4,20400,97,0.8348205105029931,0.039063137390470376,0.10309278350515463,0.001,21,1,0.259,0
9989,refusal,5,8,2040,11,6,20400,190,0.5664288132503451,0.01985161510300995,0.06842105263157895,0.001,21,1,0.282,0
817,deception,5,8,2040,11,17,20400,267,0.5879232690622342,0.02104410449616661,0.026217228464419477,0.001,20,1,0.244,0
12730,ethics,5,8,2040,11,8,20400,75,0.6931936039360393,0.020251149998439244,0.04,0.001,19,1,0.204,0
892,sycophancy-adj,5,8,2040,11,24,20400,68,0.8612647695316569,0.05180246557947602,0.08823529411764706,0.001,17,1,0.256,0
1031,harm,5,8,2040,11,9,20400,97,0.8769340369687888,0.1374923997694196,0.21649484536082475,0.001,18,1,0.286,0
9989,refusal,5,8,2040,12,32,20400,190,0.7545235553009192,0.041626102077935365,0.09473684210526316,0.001,18,1,0.176,0
817,deception,5,8,2040,12,7,20400,267,0.6824886973536097,0.027731410178960213,0.04119850187265917,0.001,20,1,0.281,0
12730,ethics,5,8,2040,12,5,20400,75,0.6890824108241083,0.015501508757994963,0.05333333333333334,0.001,19,1,0.198,0
892,sycophancy-adj,5,8,2040,12,9,20400,68,0.8675559245929338,0.05475807296197311,0.11764705882352941,0.001,21,1,0.212,0
1031,harm,5,8,2040,12,29,20400,97,0.8366241137488695,0.06892361703221328,0.16494845360824742,0.001,17,1,0.172,0
9989,refusal,5,8,2040,13,1,20400,190,0.5901158884345946,0.01463083660936821,0.021052631578947368,0.001,18,1,0.183,0
817,deception,5,8,2040,13,1,20400,267,0.5905946430023118,0.0183880852324704,0.03745318352059925,0.001,21,1,0.2,0
12730,ethics,5,8,2040,13,0,,,,,,0.001,,,0.0,1
892,sycophancy-adj,5,8,2040,13,11,20400,68,0.8446038409461759,0.03136556050812835,0.029411764705882353,0.001,20,1,0.205,0
1031,harm,5,8,2040,13,2,20400,97,0.7779882207240716,0.0252134822260524,0.020618556701030927,0.001,17,1,0.197,0
9989,refusal,5,8,2040,14,25,20400,190,0.7314346727779368,0.03379831613733846,0.07368421052631578,0.001,21,1,0.194,0
817,deception,5,8,2040,14,16,20400,267,0.6126145960821213,0.02774832453431613,0.08239700374531835,0.001,18,1,0.175,0
12730,ethics,5,8,2040,14,4,20400,75,0.6301166051660516,0.0059284145334352915,0.0,0.001,20,1,0.241,0
892,sycophancy-adj,5,8,2040,14,2,20400,68,0.7941668306118433,0.04165648309240452,0.07352941176470588,0.001,19,1,0.265,0
1031,harm,5,8,2040,14,6,20400,97,0.775553457896375,0.030846577780585926,0.07216494845360824,0.001,19,1,0.19,0
9989,refusal,5,16,4080,10,34,20400,190,0.7733503476653039,0.046057473076543384,0.03684210526315789,0.001,21,1,0.443,0
817,deception,5,16,4080,10,31,20400,267,0.8254504548497807,0.06439743366617495,0.10486891385767791,0.001,22,1,0.437,0
12730,ethics,5,16,4080,10,5,20400,75,0.7142527265272653,0.016931795785380257,0.04,0.001,23,1,0.511,0
892,sycophancy-adj,5,16,4080,10,11,20400,68,0.8802778292115587,0.06473160872698908,0.16176470588235295,0.001,21,1,0.355,0
1031,harm,5,16,4080,10,7,20400,97,0.8612164877365642,0.053130161629232064,0.07216494845360824,0.001,24,1,0.477,0
9989,refusal,5,16,4080,11,49,20400,190,0.7509224198546838,0.09189381997322299,0.12105263157894737,0.001,21,1,0.475,0
817,deception,5,16,4080,11,80,20400,267,0.7622378598053284,0.047316823017140006,0.07865168539325842,0.001,17,1,0.332,0
12730,ethics,5,16,4080,11,17,20400,75,0.6592846248462485,0.009390147593814934,0.02666666666666667,0.001,20,1,0.401,0
892,sycophancy-adj,5,16,4080,11,55,20400,68,0.9016097487588386,0.11435331114923586,0.20588235294117646,0.001,21,1,0.392,0
1031,harm,5,16,4080,11,59,20400,97,0.9300522344217069,0.3242453103158743,0.36082474226804123,0.001,16,1,0.295,0
9989,refusal,5,16,4080,12,55,20400,190,0.7942907367379359,0.07749709627621375,0.1368421052631579,0.001,21,1,0.368,0
817,deception,5,16,4080,12,74,20400,267,0.7457658444006532,0.057429991335459674,0.09737827715355805,0.001,17,1,0.436,0
12730,ethics,5,16,4080,12,38,20400,75,0.7913676096760967,0.023418047826043394,0.06666666666666667,0.001,21,1,0.412,0
892,sycophancy-adj,5,16,4080,12,22,20400,68,0.9034042251565193,0.09808745359781307,0.19117647058823528,0.001,21,1,0.4,0
1031,harm,5,16,4080,12,82,20400,97,0.9526315495500893,0.3422252800930374,0.3917525773195876,0.001,18,1,0.351,0
9989,refusal,5,16,4080,13,33,20400,190,0.7608554910284123,0.03106242488918384,0.05789473684210526,0.001,17,1,0.404,0
817,deception,5,16,4080,13,30,20400,267,0.8052689316420335,0.05732695386717398,0.10112359550561797,0.001,22,1,0.388,0
12730,ethics,5,16,4080,13,18,20400,75,0.7396651086510865,0.011244915514310375,0.02666666666666667,0.001,21,1,0.363,0
892,sycophancy-adj,5,16,4080,13,32,20400,68,0.9015772008193402,0.14230484321840045,0.2647058823529412,0.001,19,1,0.464,0
1031,harm,5,16,4080,13,16,20400,97,0.8942018116260306,0.17389745914894306,0.27835051546391754,0.001,21,1,0.434,0
9989,refusal,5,16,4080,14,48,20400,190,0.7800833355035287,0.06022749239429037,0.09473684210526316,0.001,19,1,0.442,0
817,deception,5,16,4080,14,49,20400,267,0.7833336216780135,0.05990693241910021,0.1198501872659176,0.001,18,1,0.449,0
12730,ethics,5,16,4080,14,13,20400,75,0.7923260352603526,0.044174198837947036,0.05333333333333334,0.001,20,1,0.512,0
892,sycophancy-adj,5,16,4080,14,19,20400,68,0.9230139970605595,0.1728220931541749,0.25,0.001,21,1,0.554,0
1031,harm,5,16,4080,14,25,20400,97,0.9090388856250485,0.10733795496014883,0.20618556701030927,0.001,19,1,0.441,0
9989,refusal,5,32,8160,10,106,20400,190,0.8171079976041041,0.07716011342215919,0.11052631578947368,0.001,20,1,1.36,0
817,deception,5,32,8160,10,43,20400,267,0.7605928068978002,0.05493063914791636,0.0898876404494382,0.001,20,1,1.252,0
12730,ethics,5,32,8160,10,27,20400,75,0.7807622796227963,0.05096323997609337,0.08,0.001,22,1,1.23,0
892,sycophancy-adj,5,32,8160,10,34,20400,68,0.9060840055085579,0.1036153254860395,0.14705882352941177,0.001,22,1,1.088,0
1031,harm,5,32,8160,10,58,20400,97,0.9519790635785377,0.34152818161030746,0.3917525773195876,0.001,18,1,1.0,0
9989,refusal,5,32,8160,11,78,20400,190,0.7771525300138024,0.03740639792241994,0.05263157894736842,0.001,23,1,1.273,0
817,deception,5,32,8160,11,31,20400,267,0.7003944369195785,0.03928745028534639,0.08614232209737828,0.001,21,1,1.203,0
12730,ethics,5,32,8160,11,20,20400,75,0.7114597785977859,0.03725464410076354,0.05333333333333334,0.001,22,1,1.348,0
892,sycophancy-adj,5,32,8160,11,28,20400,68,0.926659366284385,0.15292375770697975,0.23529411764705882,0.001,21,1,1.236,0
1031,harm,5,32,8160,11,33,20400,97,0.9418454740577165,0.23077577300677843,0.32989690721649484,0.001,22,1,1.291,0
9989,refusal,5,32,8160,12,66,20400,190,0.7901125029297639,0.05681901361209818,0.08947368421052632,0.001,22,1,1.666,0
817,deception,5,32,8160,12,65,20400,267,0.810040384997817,0.06419691685625653,0.11235955056179775,0.001,21,1,1.439,0
12730,ethics,5,32,8160,12,24,20400,75,0.7520967609676097,0.07738136996954294,0.14666666666666667,0.001,23,1,1.647,0
892,sycophancy-adj,5,32,8160,12,29,20400,68,0.9361843399567185,0.10987520971323875,0.17647058823529413,0.001,20,1,1.204,0
1031,harm,5,32,8160,12,66,20400,97,0.9431555237126603,0.25398746912920095,0.30927835051546393,0.001,20,1,1.385,0
9989,refusal,5,32,8160,13,60,20400,190,0.8113268574702466,0.0657653143518515,0.10526315789473684,0.001,22,1,3.085,0
817,deception,5,32,8160,13,42,20400,267,0.8021267187435762,0.06642510108821864,0.10861423220973783,0.001,19,1,1.178,0
12730,ethics,5,32,8160,13,89,20400,75,0.8475499794997952,0.027816519657875127,0.04,0.001,21,1,1.104,0
892,sycophancy-adj,5,32,8160,13,43,20400,68,0.9191624908865769,0.19189757902356697,0.2647058823529412,0.001,21,1,1.162,0
1031,harm,5,32,8160,13,37,20400,97,0.9218281184386443,0.2318435066299659,0.28865979381443296,0.001,19,1,1.028,0
9989,refusal,5,32,8160,14,43,20400,190,0.8091434672777936,0.08667250827155557,0.08947368421052632,0.001,22,1,1.992,0
817,deception,5,32,8160,14,42,20400,267,0.8009636665239825,0.05293890492980044,0.07865168539325842,0.001,21,1,1.793,0
12730,ethics,5,32,8160,14,27,20400,75,0.7984646166461665,0.04709778761554886,0.06666666666666667,0.001,23,1,1.599,0
892,sycophancy-adj,5,32,8160,14,24,20400,68,0.891897443612503,0.09047442218209872,0.1323529411764706,0.001,21,1,1.122,0
1031,harm,5,32,8160,14,23,20400,97,0.9173175870104007,0.1593421344997147,0.24742268041237114,0.001,20,1,0.931,0
9989,refusal,5,64,16320,10,132,20400,190,0.7966105888174172,0.0701409808744534,0.14736842105263157,0.001,29,1,2.484,0
817,deception,5,64,16320,10,90,20400,267,0.7893021705285321,0.0812965560537107,0.14232209737827714,0.001,21,1,1.83,0
12730,ethics,5,64,16320,10,56,20400,75,0.819049774497745,0.030029806235356248,0.06666666666666667,0.001,23,1,2.121,0
892,sycophancy-adj,5,64,16320,10,59,20400,68,0.9507028908356574,0.17299913427003297,0.22058823529411764,0.001,24,1,2.44,0
1031,harm,5,64,16320,10,61,20400,97,0.9049472654236768,0.15438633786151318,0.24742268041237114,0.001,21,1,1.791,0
9989,refusal,5,64,16320,11,154,20400,190,0.8396148337196281,0.09094338378813449,0.1631578947368421,0.001,24,1,2.023,0
817,deception,5,64,16320,11,144,20400,267,0.7712483520171384,0.06580582911266335,0.12359550561797752,0.001,23,1,1.95,0
12730,ethics,5,64,16320,11,114,20400,75,0.8590412464124642,0.06597587466443094,0.12,0.001,22,1,2.166,0
892,sycophancy-adj,5,64,16320,11,56,20400,68,0.926131366376966,0.10939347677575122,0.22058823529411764,0.001,21,1,1.83,0
1031,harm,5,64,16320,11,113,20400,97,0.9429224567391645,0.3314356557247112,0.4020618556701031,0.001,20,1,1.575,0
9989,refusal,5,64,16320,12,131,20400,190,0.8567116331154456,0.09356517291087135,0.12631578947368421,0.001,24,1,2.029,0
817,deception,5,64,16320,12,90,20400,267,0.8090668961518263,0.08809136312441651,0.17228464419475656,0.001,22,1,1.87,0
12730,ethics,5,64,16320,12,104,20400,75,0.8534520705207052,0.11096781285333021,0.14666666666666667,0.001,21,1,1.584,0
892,sycophancy-adj,5,64,16320,12,43,20400,68,0.9300783465068105,0.23004970351428372,0.29411764705882354,0.001,22,1,2.005,0
1031,harm,5,64,16320,12,111,20400,97,0.9636486609312218,0.30988043901755985,0.3711340206185567,0.001,21,1,1.827,0
9989,refusal,5,64,16320,13,185,20400,190,0.8332355009245034,0.0703304426566623,0.14736842105263157,0.001,26,1,2.102,0
817,deception,5,64,16320,13,152,20400,267,0.8379432206538133,0.11902871541692048,0.17228464419475656,0.001,22,1,1.647,0
12730,ethics,5,64,16320,13,146,20400,75,0.8034591225912259,0.051287984671060834,0.05333333333333334,0.001,20,1,1.575,0
892,sycophancy-adj,5,64,16320,13,95,20400,68,0.9470987490018632,0.23131592063883563,0.3088235294117647,0.001,21,1,1.725,0
1031,harm,5,64,16320,13,119,20400,97,0.9511579975738692,0.2403147098989865,0.31958762886597936,0.001,21,1,2.064,0
9989,refusal,5,64,16320,14,101,20400,190,0.8140027084038647,0.10157792090635274,0.1736842105263158,0.001,22,1,1.639,0
817,deception,5,64,16320,14,131,20400,267,0.8014352495976662,0.08381931166089754,0.12734082397003746,0.001,22,1,1.757,0
12730,ethics,5,64,16320,14,114,20400,75,0.8493271012710126,0.05239479950252735,0.09333333333333334,0.001,20,1,1.599,0
892,sycophancy-adj,5,64,16320,14,84,20400,68,0.9626161599796322,0.29034937903687663,0.3235294117647059,0.001,21,1,2.658,0
1031,harm,5,64,16320,14,115,20400,97,0.9545204583548924,0.33673150656839973,0.3711340206185567,0.001,21,1,3.911,0
9989,refusal,5,128,32640,10,307,20400,190,0.858397354097763,0.13384273812047806,0.20526315789473684,0.001,25,1,6.971,0
817,deception,5,128,32640,10,238,20400,267,0.8660335733663272,0.12054705347958346,0.19101123595505617,0.001,30,1,5.648,0
12730,ethics,5,128,32640,10,208,20400,75,0.8557763017630177,0.048632924189916646,0.09333333333333334,0.001,27,1,5.86,0
892,sycophancy-adj,5,128,32640,10,123,20400,68,0.9427496209973267,0.21503659426728383,0.3088235294117647,0.001,23,1,4.885,0
1031,harm,5,128,32640,10,203,20400,97,0.970354794959457,0.4310586252314367,0.4536082474226804,0.001,22,1,4.581,0
9989,refusal,5,128,32640,11,370,20400,190,0.8720768770020052,0.10868922797851563,0.18421052631578946,0.001,26,1,5.483,0
817,deception,5,128,32640,11,298,20400,267,0.8622638852380731,0.1705066901058209,0.24344569288389514,0.001,23,1,5.251,0
12730,ethics,5,128,32640,11,293,20400,75,0.8798530545305453,0.0829869111373787,0.13333333333333333,0.001,22,1,4.434,0
892,sycophancy-adj,5,128,32640,11,185,20400,68,0.9513024962099734,0.2703319359148329,0.27941176470588236,0.001,22,1,4.267,0
1031,harm,5,128,32640,11,273,20400,97,0.968653761492766,0.4420895148796202,0.44329896907216493,0.001,21,1,3.593,0
9989,refusal,5,128,32640,12,227,20400,190,0.8618878095783744,0.11168726524209673,0.17894736842105263,0.001,27,1,4.631,0
817,deception,5,128,32640,12,222,20400,267,0.8684675745245428,0.14063543523399846,0.2209737827715356,0.001,22,1,3.84,0
12730,ethics,5,128,32640,12,182,20400,75,0.8708670766707666,0.06226221886389888,0.12,0.001,22,1,3.366,0
892,sycophancy-adj,5,128,32640,12,148,20400,68,0.9509987154413211,0.28365792312581195,0.3088235294117647,0.001,21,1,3.569,0
1031,harm,5,128,32640,12,192,20400,97,0.9769659757762678,0.42022332004845714,0.4329896907216495,0.001,21,1,3.177,0
9989,refusal,5,128,32640,13,278,20400,190,0.8719901559936456,0.11800483977212087,0.15789473684210525,0.001,26,1,6.465,0
817,deception,5,128,32640,13,293,20400,267,0.8613076970728921,0.1502120571660919,0.23595505617977527,0.001,30,1,7.151,0
12730,ethics,5,128,32640,13,193,20400,75,0.836819680196802,0.06083751769632841,0.13333333333333333,0.001,23,1,5.606,0
892,sycophancy-adj,5,128,32640,13,153,20400,68,0.937344493177952,0.24501324576203534,0.29411764705882354,0.001,22,1,5.708,0
1031,harm,5,128,32640,13,214,20400,97,0.9611834318324801,0.31815094080104156,0.3711340206185567,0.001,22,1,3.45,0
9989,refusal,5,128,32640,14,307,20400,190,0.8686218391103935,0.09434596330922833,0.1631578947368421,0.001,25,1,4.46,0
817,deception,5,128,32640,14,337,20400,267,0.8587591021579157,0.16285327107268044,0.22846441947565543,0.001,22,1,3.334,0
12730,ethics,5,128,32640,14,245,20400,75,0.8485536695366954,0.05514008344164018,0.12,0.001,21,1,4.256,0
892,sycophancy-adj,5,128,32640,14,167,20400,68,0.9516728194327113,0.3233095626196078,0.35294117647058826,0.001,22,1,2.586,0
1031,harm,5,128,32640,14,195,20400,97,0.967595058573945,0.41450618569054315,0.4020618556701031,0.001,21,1,2.321,0
9989,refusal,5,256,65280,10,663,20400,190,0.8906773613896195,0.16320464821357353,0.24736842105263157,0.001,30,1,6.829,0
817,deception,5,256,65280,10,605,20400,267,0.8807387799969157,0.17990087929348314,0.250936329588015,0.001,28,1,6.183,0
12730,ethics,5,256,65280,10,332,20400,75,0.864579253792538,0.09727752751451843,0.13333333333333333,0.001,24,1,4.762,0
892,sycophancy-adj,5,256,65280,10,236,20400,68,0.9413594623369711,0.3079372774188981,0.3088235294117647,0.001,22,1,4.67,0
1031,harm,5,256,65280,10,439,20400,97,0.9738335353416361,0.48373687542119376,0.4639175257731959,0.001,25,1,5.334,0
9989,refusal,5,256,65280,11,667,20400,190,0.8870033073777963,0.14495274992242946,0.24210526315789474,0.001,30,1,6.963,0
817,deception,5,256,65280,11,611,20400,267,0.8773299877909283,0.1693963121758278,0.24344569288389514,0.001,31,1,6.552,0
12730,ethics,5,256,65280,11,422,20400,75,0.8847671996719967,0.08061281595237425,0.14666666666666667,0.001,26,1,4.797,0
892,sycophancy-adj,5,256,65280,11,300,20400,68,0.9359688002684844,0.2948126176998422,0.3235294117647059,0.001,24,1,4.624,0
1031,harm,5,256,65280,11,492,20400,97,0.9765841318458345,0.48438825779525974,0.4845360824742268,0.001,25,1,5.022,0
9989,refusal,5,256,65280,12,668,20400,190,0.8853261803692803,0.1478674496736464,0.24736842105263157,0.001,29,1,5.949,0
817,deception,5,256,65280,12,581,20400,267,0.8756691224331976,0.1709095868572585,0.22846441947565543,0.001,31,1,6.657,0
12730,ethics,5,256,65280,12,403,20400,75,0.8573389093890937,0.06819613854538824,0.12,0.001,28,1,5.391,0
892,sycophancy-adj,5,256,65280,12,286,20400,68,0.9411048651213386,0.29435581217274304,0.3382352941176471,0.001,27,1,5.233,0
1031,harm,5,256,65280,12,439,20400,97,0.9725488742458964,0.49345561271736055,0.5051546391752577,0.001,24,1,4.473,0
9989,refusal,5,256,65280,13,653,20400,190,0.8869915883226126,0.1674324300672543,0.21578947368421053,0.001,35,1,6.26,0
817,deception,5,256,65280,13,629,20400,267,0.8893649366543943,0.19539316878992097,0.25842696629213485,0.001,29,1,5.996,0
12730,ethics,5,256,65280,13,442,20400,75,0.8842069700697007,0.061165568364941636,0.10666666666666667,0.001,30,1,9.039,0
892,sycophancy-adj,5,256,65280,13,300,20400,68,0.9344882306650775,0.33143656303318436,0.35294117647058826,0.001,26,1,5.104,0
1031,harm,5,256,65280,13,475,20400,97,0.9795266658576179,0.4888644021031832,0.4948453608247423,0.001,22,1,4.688,0
9989,refusal,5,256,65280,14,643,20400,190,0.8842001093778482,0.1454014693057379,0.22631578947368422,0.001,29,1,7.158,0
817,deception,5,256,65280,14,575,20400,267,0.8838819230395025,0.19172706716755125,0.24719101123595505,0.001,32,1,6.044,0
12730,ethics,5,256,65280,14,397,20400,75,0.8655652316523165,0.08466538492988802,0.16,0.001,25,1,4.654,0
892,sycophancy-adj,5,256,65280,14,267,20400,68,0.9354379072108874,0.3498910760047121,0.38235294117647056,0.001,25,1,4.617,0
1031,harm,5,256,65280,14,436,20400,97,0.9811063420113122,0.46574597387852723,0.44329896907216493,0.001,24,1,4.337,0
9989,refusal,5,320,81600,10,845,20400,190,0.8913195656136877,0.16207089527586208,0.21052631578947367,0.001,30,1,8.327,0
817,deception,5,320,81600,10,755,20400,267,0.89306700330443,0.1964246887550474,0.250936329588015,0.001,34,1,7.288,0
12730,ethics,5,320,81600,10,506,20400,75,0.8733763017630177,0.07768419135689944,0.12,0.001,27,1,5.963,0
892,sycophancy-adj,5,320,81600,10,358,20400,68,0.936437490597262,0.33862246998642753,0.3382352941176471,0.001,25,1,5.822,0
1031,harm,5,320,81600,10,559,20400,97,0.9778276634756634,0.4982540192152806,0.4948453608247423,0.001,26,1,6.068,0
9989,refusal,8,2,510,10,0,,,,,,0.001,,,0.0,1
817,deception,8,2,510,10,0,,,,,,0.001,,,0.0,1
12730,ethics,8,2,510,10,0,,,,,,0.001,,,0.0,1
892,sycophancy-adj,8,2,510,10,0,,,,,,0.001,,,0.0,1
1031,harm,8,2,510,10,1,20400,97,0.6285707104378968,0.0064771173991791334,0.010309278350515464,0.001,21,1,0.048,0
9989,refusal,8,2,510,11,1,20400,190,0.47181371910726844,0.00814500594203324,0.005263157894736842,0.001,21,1,0.053,0
817,deception,8,2,510,11,1,20400,267,0.5856624607409417,0.02495043458718995,0.06367041198501873,0.001,19,1,0.065,0
12730,ethics,8,2,510,11,0,,,,,,0.001,,,0.0,1
892,sycophancy-adj,8,2,510,11,6,20400,68,0.8554488143870572,0.05210646819485588,0.14705882352941177,0.001,21,1,0.049,0
1031,harm,8,2,510,11,0,,,,,,0.001,,,0.0,1
9989,refusal,8,2,510,12,0,,,,,,0.001,,,0.0,1
817,deception,8,2,510,12,23,20400,267,0.7184032364551016,0.07134811626215962,0.11235955056179775,0.001,18,1,0.043,0
12730,ethics,8,2,510,12,0,,,,,,0.001,,,0.0,1
892,sycophancy-adj,8,2,510,12,1,20400,68,0.6719655917649373,0.00876292909195319,0.029411764705882353,0.001,17,1,0.04,0
1031,harm,8,2,510,12,3,20400,97,0.8228046132027615,0.06984071640515155,0.12371134020618557,0.001,19,1,0.047,0
9989,refusal,8,2,510,13,0,,,,,,0.001,,,0.0,1
817,deception,8,2,510,13,0,,,,,,0.001,,,0.0,1
12730,ethics,8,2,510,13,0,,,,,,0.001,,,0.0,1
892,sycophancy-adj,8,2,510,13,0,,,,,,0.001,,,0.0,1
1031,harm,8,2,510,13,0,,,,,,0.001,,,0.0,1
9989,refusal,8,2,510,14,0,,,,,,0.001,,,0.0,1
817,deception,8,2,510,14,1,20400,267,0.49524668445474296,0.011993459940701431,0.003745318352059925,0.001,18,1,0.054,0
12730,ethics,8,2,510,14,0,,,,,,0.001,,,0.0,1
892,sycophancy-adj,8,2,510,14,0,,,,,,0.001,,,0.0,1
1031,harm,8,2,510,14,0,,,,,,0.001,,,0.0,1
9989,refusal,8,4,1020,10,8,20400,190,0.7742869605979323,0.05809301765346541,0.08421052631578947,0.001,21,1,0.102,0
817,deception,8,4,1020,10,7,20400,267,0.7926987778464224,0.05449204261153797,0.08239700374531835,0.001,19,1,0.083,0
12730,ethics,8,4,1020,10,1,20400,75,0.7183357113571136,0.00968018277007597,0.013333333333333334,0.001,20,1,0.103,0
892,sycophancy-adj,8,4,1020,10,0,,,,,,0.001,,,0.0,1
1031,harm,8,4,1020,10,4,20400,97,0.8550587465871429,0.0551359506881917,0.1134020618556701,0.001,21,1,0.089,0
9989,refusal,8,4,1020,11,1,20400,190,0.49213443058412976,0.008511041628439703,0.005263157894736842,0.001,21,1,0.1,0
817,deception,8,4,1020,11,1,20400,267,0.6124628895745912,0.025834316610064082,0.06367041198501873,0.001,19,1,0.082,0
12730,ethics,8,4,1020,11,0,,,,,,0.001,,,0.0,1
892,sycophancy-adj,8,4,1020,11,8,20400,68,0.9293456562243233,0.05814349606490593,0.04411764705882353,0.001,19,1,0.08,0
1031,harm,8,4,1020,11,2,20400,97,0.7896121186701879,0.022078235455332093,0.041237113402061855,0.001,18,1,0.075,0
9989,refusal,8,4,1020,12,0,,,,,,0.001,,,0.0,1
817,deception,8,4,1020,12,5,20400,267,0.6935405768865509,0.040572261823827185,0.06741573033707865,0.001,21,1,0.094,0
12730,ethics,8,4,1020,12,8,20400,75,0.6919261992619926,0.008400532938881815,0.02666666666666667,0.001,19,1,0.083,0
892,sycophancy-adj,8,4,1020,12,13,20400,68,0.9619941326914397,0.18856526721260344,0.27941176470588236,0.001,19,1,0.084,0
1031,harm,8,4,1020,12,2,20400,97,0.788589467505437,0.019082756234271032,0.030927835051546393,0.001,19,1,0.082,0
9989,refusal,8,4,1020,13,0,,,,,,0.001,,,0.0,1
817,deception,8,4,1020,13,3,20400,267,0.6200752821452695,0.017278211922247443,0.0,0.001,22,1,0.119,0
12730,ethics,8,4,1020,13,0,,,,,,0.001,,,0.0,1
892,sycophancy-adj,8,4,1020,13,0,,,,,,0.001,,,0.0,1
1031,harm,8,4,1020,13,0,,,,,,0.001,,,0.0,1
9989,refusal,8,4,1020,14,23,20400,190,0.7447424412094065,0.0338458255719685,0.05789473684210526,0.001,19,1,0.078,0
817,deception,8,4,1020,14,5,20400,267,0.6755049892000965,0.02641139894059186,0.03745318352059925,0.001,21,1,0.097,0
12730,ethics,8,4,1020,14,2,20400,75,0.5951075030750308,0.009351383618045652,0.013333333333333334,0.001,23,1,0.089,0
892,sycophancy-adj,8,4,1020,14,0,,,,,,0.001,,,0.0,1
1031,harm,8,4,1020,14,0,,,,,,0.001,,,0.0,1
9989,refusal,8,8,2040,10,4,20400,190,0.6305951977916092,0.014563482355045142,0.0,0.001,21,1,0.158,0
817,deception,8,8,2040,10,3,20400,267,0.693752742762502,0.03028751830339252,0.04119850187265917,0.001,19,1,0.13,0
12730,ethics,8,8,2040,10,0,,,,,,0.001,,,0.0,1
892,sycophancy-adj,8,8,2040,10,2,20400,68,0.8505890453761675,0.0322833952640502,0.07352941176470588,0.001,20,1,0.151,0
1031,harm,8,8,2040,10,4,20400,97,0.8892170219118499,0.04743486794549223,0.09278350515463918,0.001,20,1,0.144,0
9989,refusal,8,8,2040,11,6,20400,190,0.5929891403421964,0.01468609808918266,0.0,0.001,20,1,0.152,0
817,deception,8,8,2040,11,17,20400,267,0.6838134086229196,0.032291073540128536,0.06741573033707865,0.001,20,1,0.179,0
12730,ethics,8,8,2040,11,8,20400,75,0.758410496104961,0.06609043485782967,0.10666666666666667,0.001,21,1,0.204,0
892,sycophancy-adj,8,8,2040,11,24,20400,68,0.9495868581546331,0.11400540879708003,0.14705882352941177,0.001,18,1,0.134,0
1031,harm,8,8,2040,11,9,20400,97,0.935190624919074,0.1850209830708203,0.28865979381443296,0.001,20,1,0.144,0
9989,refusal,8,8,2040,12,32,20400,190,0.7906096512930024,0.0762647579614879,0.15789473684210525,0.001,18,1,0.13,0
817,deception,8,8,2040,12,7,20400,267,0.7113071668907383,0.029696483391647963,0.0449438202247191,0.001,22,1,0.16,0
12730,ethics,8,8,2040,12,5,20400,75,0.7829720377203773,0.03175169844863424,0.06666666666666667,0.001,20,1,0.131,0
892,sycophancy-adj,8,8,2040,12,9,20400,68,0.9514919975466086,0.1652620323652304,0.20588235294117646,0.001,19,1,0.124,0
1031,harm,8,8,2040,12,29,20400,97,0.8897963888328929,0.12809543269377896,0.20618556701030927,0.001,20,1,0.126,0
9989,refusal,8,8,2040,13,1,20400,190,0.7056037917654105,0.022218834429064367,0.042105263157894736,0.001,21,1,0.162,0
817,deception,8,8,2040,13,1,20400,267,0.5896396640244993,0.0171917466453441,0.02247191011235955,0.001,20,1,0.148,0
12730,ethics,8,8,2040,13,0,,,,,,0.001,,,0.0,1
892,sycophancy-adj,8,8,2040,13,11,20400,68,0.8826690178333777,0.052228922486089735,0.07352941176470588,0.001,21,1,0.136,0
1031,harm,8,8,2040,13,2,20400,97,0.8266641819730058,0.038045885802945406,0.05154639175257732,0.001,19,1,0.129,0
9989,refusal,8,8,2040,14,25,20400,190,0.7904610797156176,0.04339882449463868,0.06315789473684211,0.001,23,1,0.156,0
817,deception,8,8,2040,14,16,20400,267,0.717956674258503,0.049170372915710824,0.0898876404494382,0.001,21,1,0.15,0
12730,ethics,8,8,2040,14,4,20400,75,0.6956195161951619,0.007001096754822071,0.0,0.001,18,1,0.127,0
892,sycophancy-adj,8,8,2040,14,2,20400,68,0.8901253891286989,0.05215709239152826,0.04411764705882353,0.001,17,1,0.113,0
1031,harm,8,8,2040,14,6,20400,97,0.8728804996062234,0.05216247689937571,0.08247422680412371,0.001,22,1,0.139,0
9989,refusal,8,16,4080,10,34,20400,190,0.845727492903461,0.06583722461069039,0.08421052631578947,0.001,20,1,0.24,0
817,deception,8,16,4080,10,31,20400,267,0.88226254210995,0.11444318544088614,0.19850187265917604,0.001,23,1,0.288,0
12730,ethics,8,16,4080,10,5,20400,75,0.7585912259122591,0.020889411592319263,0.05333333333333334,0.001,24,1,0.285,0
892,sycophancy-adj,8,16,4080,10,11,20400,68,0.9489149240258763,0.10449304631939853,0.19117647058823528,0.001,22,1,0.278,0
1031,harm,8,16,4080,10,7,20400,97,0.895455498679541,0.06795996804636405,0.12371134020618557,0.001,21,1,0.245,0
9989,refusal,8,16,4080,11,49,20400,190,0.846429724732415,0.1205071467795107,0.1368421052631579,0.001,21,1,0.314,0
817,deception,8,16,4080,11,80,20400,267,0.8115185700485033,0.06464581908639219,0.10486891385767791,0.001,23,1,0.328,0
12730,ethics,8,16,4080,11,17,20400,75,0.7045362853628536,0.015285282495618367,0.05333333333333334,0.001,20,1,0.261,0
892,sycophancy-adj,8,16,4080,11,55,20400,68,0.9303806807003738,0.17558401017087416,0.25,0.001,23,1,0.259,0
1031,harm,8,16,4080,11,59,20400,97,0.9549347996411073,0.41291557980735183,0.4536082474226804,0.001,18,1,0.233,0
9989,refusal,8,16,4080,12,55,20400,190,0.8283043829266388,0.09617413727506974,0.15263157894736842,0.001,23,1,0.273,0
817,deception,8,16,4080,12,74,20400,267,0.7910721417926592,0.08385440528236196,0.1348314606741573,0.001,20,1,0.228,0
12730,ethics,8,16,4080,12,38,20400,75,0.8458371463714636,0.07537051551842622,0.09333333333333334,0.001,24,1,0.307,0
892,sycophancy-adj,8,16,4080,12,22,20400,68,0.9517654002383955,0.24591051338386016,0.3235294117647059,0.001,20,1,0.248,0
1031,harm,8,16,4080,12,82,20400,97,0.9563433569057643,0.3836188895730945,0.422680412371134,0.001,20,1,0.266,0
9989,refusal,8,16,4080,13,33,20400,190,0.8275461600562514,0.04666190372920545,0.06842105263157895,0.001,21,1,0.273,0
817,deception,8,16,4080,13,30,20400,267,0.8665341769368531,0.11017802546923439,0.19850187265917604,0.001,22,1,0.258,0
12730,ethics,8,16,4080,13,18,20400,75,0.7716578925789257,0.02161164639524036,0.06666666666666667,0.001,22,1,0.267,0
892,sycophancy-adj,8,16,4080,13,32,20400,68,0.9398644269826758,0.1858366676930142,0.29411764705882354,0.001,18,1,0.248,0
1031,harm,8,16,4080,13,16,20400,97,0.9317591072570149,0.24722560464108753,0.31958762886597936,0.001,21,1,0.255,0
9989,refusal,8,16,4080,14,48,20400,190,0.8532315945727753,0.09063309696992154,0.1368421052631579,0.001,23,1,0.267,0
817,deception,8,16,4080,14,49,20400,267,0.8275843915118023,0.11921600326013981,0.21722846441947566,0.001,22,1,0.302,0
12730,ethics,8,16,4080,14,13,20400,75,0.7690076260762608,0.046639977783332995,0.05333333333333334,0.001,22,1,0.338,0
892,sycophancy-adj,8,16,4080,14,19,20400,68,0.9637394255361008,0.32720905658754035,0.3088235294117647,0.001,22,1,0.272,0
1031,harm,8,16,4080,14,25,20400,97,0.9387607641143887,0.1607679264062085,0.2268041237113402,0.001,23,1,0.291,0
9989,refusal,8,32,8160,10,106,20400,190,0.857604625120446,0.1206606549718611,0.21052631578947367,0.001,22,1,0.516,0
817,deception,8,32,8160,10,43,20400,267,0.8399831197443368,0.09775980310947843,0.12359550561797752,0.001,23,1,0.54,0
12730,ethics,8,32,8160,10,27,20400,75,0.826829356293563,0.06177711246947902,0.09333333333333334,0.001,22,1,0.518,0
892,sycophancy-adj,8,32,8160,10,34,20400,68,0.9584898045387741,0.17312203059752282,0.23529411764705882,0.001,21,1,0.514,0
1031,harm,8,32,8160,10,58,20400,97,0.961930871015456,0.358226121463188,0.36082474226804123,0.001,21,1,0.544,0
9989,refusal,8,32,8160,11,78,20400,190,0.7904528763769889,0.040498571394290285,0.05789473684210526,0.001,25,1,0.548,0
817,deception,8,32,8160,11,31,20400,267,0.7678538840307461,0.06269971745118766,0.11610486891385768,0.001,22,1,0.58,0
12730,ethics,8,32,8160,11,20,20400,75,0.7479045510455105,0.04868921763505489,0.05333333333333334,0.001,25,1,0.631,0
892,sycophancy-adj,8,32,8160,11,28,20400,68,0.95234836999919,0.21993452941547612,0.3088235294117647,0.001,22,1,0.513,0
1031,harm,8,32,8160,11,33,20400,97,0.952313684788851,0.3269588718852965,0.38144329896907214,0.001,21,1,0.495,0
9989,refusal,8,32,8160,12,66,20400,190,0.8490346102763093,0.07138819422725141,0.09473684210526316,0.001,26,1,0.565,0
817,deception,8,32,8160,12,65,20400,267,0.8804831763901143,0.14842157301150985,0.2209737827715356,0.001,23,1,0.508,0
12730,ethics,8,32,8160,12,24,20400,75,0.8168127921279213,0.08608967104637512,0.10666666666666667,0.001,26,1,0.604,0
892,sycophancy-adj,8,32,8160,12,29,20400,68,0.965912181319508,0.22874296307303416,0.3382352941176471,0.001,21,1,0.505,0
1031,harm,8,32,8160,12,66,20400,97,0.9595011858996003,0.29259612563836995,0.31958762886597936,0.001,21,1,0.472,0
9989,refusal,8,32,8160,13,60,20400,190,0.8411609677335347,0.08855677623316961,0.12631578947368421,0.001,23,1,0.557,0
817,deception,8,32,8160,13,42,20400,267,0.8611559905653621,0.10107217217866522,0.14232209737827714,0.001,22,1,0.51,0
12730,ethics,8,32,8160,13,89,20400,75,0.867689380893809,0.05343557911302217,0.08,0.001,21,1,0.47,0
892,sycophancy-adj,8,32,8160,13,43,20400,68,0.9574656293758896,0.23588405950231767,0.29411764705882354,0.001,20,1,0.496,0
1031,harm,8,32,8160,13,37,20400,97,0.9202281314375865,0.33169430548812395,0.3402061855670103,0.001,19,1,0.46,0
9989,refusal,8,32,8160,14,43,20400,190,0.8646287663741243,0.10994319525031658,0.14210526315789473,0.001,28,1,0.651,0
817,deception,8,32,8160,14,42,20400,267,0.8345410324711457,0.07511680883211572,0.10861423220973783,0.001,24,1,0.622,0
12730,ethics,8,32,8160,14,27,20400,75,0.8573408774087741,0.04692748361831837,0.06666666666666667,0.001,22,1,0.488,0
892,sycophancy-adj,8,32,8160,14,24,20400,68,0.9305513765608545,0.14086920944501274,0.20588235294117646,0.001,23,1,0.615,0
1031,harm,8,32,8160,14,23,20400,97,0.9355079819091282,0.1931387699232661,0.24742268041237114,0.001,20,1,0.564,0
9989,refusal,8,64,16320,10,132,20400,190,0.8468467928852312,0.08346464424167276,0.14210526315789473,0.001,28,1,1.204,0
817,deception,8,64,16320,10,90,20400,267,0.8500220723201943,0.13982814333884214,0.20224719101123595,0.001,22,1,0.984,0
12730,ethics,8,64,16320,10,56,20400,75,0.8676218122181222,0.05582907752675919,0.12,0.001,24,1,1.023,0
892,sycophancy-adj,8,64,16320,10,59,20400,68,0.9712008598442328,0.2776918373896836,0.3088235294117647,0.001,22,1,1.082,0
1031,harm,8,64,16320,10,61,20400,97,0.9367662389032955,0.2172066768156067,0.28865979381443296,0.001,24,1,1.048,0
9989,refusal,8,64,16320,11,154,20400,190,0.8665282950076826,0.10659412354842247,0.17894736842105263,0.001,25,1,1.128,0
817,deception,8,64,16320,11,144,20400,267,0.8186817960190204,0.11742815481398441,0.18726591760299627,0.001,22,1,1.011,0
12730,ethics,8,64,16320,11,114,20400,75,0.9002030340303403,0.08990185527965344,0.13333333333333333,0.001,25,1,1.056,0
892,sycophancy-adj,8,64,16320,11,56,20400,68,0.9682071726979203,0.23092874729766727,0.3235294117647059,0.001,24,1,1.162,0
1031,harm,8,64,16320,11,113,20400,97,0.9487719807798451,0.3763762722491148,0.4020618556701031,0.001,22,1,0.97,0
9989,refusal,8,64,16320,12,131,20400,190,0.8835935831662283,0.10278295665575832,0.18947368421052632,0.001,24,1,1.1,0
817,deception,8,64,16320,12,90,20400,267,0.8552632484614021,0.10950854647925508,0.19101123595505617,0.001,23,1,1.058,0
12730,ethics,8,64,16320,12,104,20400,75,0.9109018450184502,0.16957074102507289,0.28,0.001,23,1,1.148,0
892,sycophancy-adj,8,64,16320,12,43,20400,68,0.9635173762599668,0.30717152846146517,0.35294117647058826,0.001,20,1,0.961,0
1031,harm,8,64,16320,12,111,20400,97,0.9649262132303845,0.3546785147490348,0.36082474226804123,0.001,20,1,1.072,0
9989,refusal,8,64,16320,13,185,20400,190,0.8602481835464465,0.08746903259460025,0.15263157894736842,0.001,26,1,1.087,0
817,deception,8,64,16320,13,152,20400,267,0.876959790427366,0.16326333886043842,0.2397003745318352,0.001,25,1,1.171,0
12730,ethics,8,64,16320,13,146,20400,75,0.8943035670356704,0.09515319765064126,0.13333333333333333,0.001,25,1,1.34,0
892,sycophancy-adj,8,64,16320,13,95,20400,68,0.9792438173380705,0.3425975791655068,0.39705882352941174,0.001,21,1,1.043,0
1031,harm,8,64,16320,13,119,20400,97,0.9553709750882379,0.3299561920322788,0.35051546391752575,0.001,25,1,1.118,0
9989,refusal,8,64,16320,14,101,20400,190,0.8723857392119586,0.12396350861965787,0.1631578947368421,0.001,23,1,1.08,0
817,deception,8,64,16320,14,131,20400,267,0.8576728798434231,0.12557054300275128,0.1797752808988764,0.001,21,1,1.156,0
12730,ethics,8,64,16320,14,114,20400,75,0.9126743747437475,0.0938503943666517,0.18666666666666668,0.001,23,1,0.999,0
892,sycophancy-adj,8,64,16320,14,84,20400,68,0.9754407714295632,0.3820563635731912,0.39705882352941174,0.001,20,1,0.865,0
1031,harm,8,64,16320,14,115,20400,97,0.9587771041910926,0.3856963518039657,0.4020618556701031,0.001,19,1,0.866,0
9989,refusal,8,128,32640,10,307,20400,190,0.8928050209640878,0.19182214615218374,0.26842105263157895,0.001,27,1,2.539,0
817,deception,8,128,32640,10,238,20400,267,0.8933656725844297,0.19653481715947474,0.2546816479400749,0.001,28,1,2.538,0
12730,ethics,8,128,32640,10,208,20400,75,0.9166937269372694,0.0785117977290927,0.16,0.001,25,1,2.215,0
892,sycophancy-adj,8,128,32640,10,123,20400,68,0.9777133408940992,0.3336063052903111,0.39705882352941174,0.001,24,1,2.034,0
1031,harm,8,128,32640,10,203,20400,97,0.9674427272187188,0.4554356966560405,0.44329896907216493,0.001,22,1,1.931,0
9989,refusal,8,128,32640,11,370,20400,190,0.8875926456418137,0.1352664579545219,0.21578947368421053,0.001,27,1,2.388,0
817,deception,8,128,32640,11,298,20400,267,0.9117440183826244,0.2811578317570767,0.31086142322097376,0.001,28,1,2.401,0
12730,ethics,8,128,32640,11,293,20400,75,0.9176278802788028,0.15076770285943644,0.22666666666666666,0.001,25,1,2.125,0
892,sycophancy-adj,8,128,32640,11,185,20400,68,0.9753120262466585,0.4031356221113116,0.4264705882352941,0.001,24,1,2.135,0
1031,harm,8,128,32640,11,273,20400,97,0.9749359065822887,0.4693821155471905,0.4536082474226804,0.001,22,1,1.956,0
9989,refusal,8,128,32640,12,227,20400,190,0.9088697622333914,0.16788660592125712,0.22105263157894736,0.001,28,1,2.509,0
817,deception,8,128,32640,12,222,20400,267,0.9095937111839228,0.22115306047825797,0.2846441947565543,0.001,25,1,2.336,0
12730,ethics,8,128,32640,12,182,20400,75,0.9227125871258712,0.11509699969563708,0.13333333333333333,0.001,23,1,1.983,0
892,sycophancy-adj,8,128,32640,12,148,20400,68,0.9766906123063036,0.37752240263342374,0.4117647058823529,0.001,28,1,2.42,0
1031,harm,8,128,32640,12,192,20400,97,0.9708640894570961,0.44472244165311453,0.422680412371134,0.001,21,1,1.913,0
9989,refusal,8,128,32640,13,278,20400,190,0.9009841402119848,0.15809787464689995,0.25263157894736843,0.001,27,1,2.55,0
817,deception,8,128,32640,13,293,20400,267,0.8957569801270986,0.2568125646142149,0.3295880149812734,0.001,26,1,2.231,0
12730,ethics,8,128,32640,13,193,20400,75,0.9135849118491185,0.11567482416535639,0.14666666666666667,0.001,24,1,2.141,0
892,sycophancy-adj,8,128,32640,13,153,20400,68,0.9742610894446309,0.3263490067316159,0.39705882352941174,0.001,25,1,2.192,0
1031,harm,8,128,32640,13,214,20400,97,0.9626859267661932,0.3716624290917884,0.3917525773195876,0.001,21,1,1.846,0
9989,refusal,8,128,32640,14,307,20400,190,0.8846821531810724,0.1172395181491502,0.22105263157894736,0.001,35,1,3.192,0
817,deception,8,128,32640,14,337,20400,267,0.9095851538579309,0.2504995772503217,0.31086142322097376,0.001,27,1,2.371,0
12730,ethics,8,128,32640,14,245,20400,75,0.9031491594915948,0.08311604558775948,0.14666666666666667,0.001,28,1,2.376,0
892,sycophancy-adj,8,128,32640,14,167,20400,68,0.9780511161773384,0.3601742913417005,0.36764705882352944,0.001,24,1,2.166,0
1031,harm,8,128,32640,14,195,20400,97,0.9690198645164927,0.4151338757198076,0.38144329896907214,0.001,24,1,2.154,0
9989,refusal,8,256,65280,10,663,20400,190,0.9013316753040443,0.18316510205916803,0.28421052631578947,0.001,42,1,8.725,0
817,deception,8,256,65280,10,605,20400,267,0.9206362892755685,0.28020150568024815,0.3258426966292135,0.001,35,1,6.159,0
12730,ethics,8,256,65280,10,332,20400,75,0.920560229602296,0.14016020634928658,0.17333333333333334,0.001,28,1,4.966,0
892,sycophancy-adj,8,256,65280,10,236,20400,68,0.9760107220145584,0.4267888626564737,0.4264705882352941,0.001,25,1,4.752,0
1031,harm,8,256,65280,10,439,20400,97,0.9754528176476891,0.43960256503523265,0.422680412371134,0.001,25,1,4.477,0
9989,refusal,8,256,65280,11,667,20400,190,0.9028292403448005,0.16342978683635762,0.2578947368421053,0.001,35,1,6.373,0
817,deception,8,256,65280,11,611,20400,267,0.9149550619466689,0.2846122449099589,0.29213483146067415,0.001,33,1,5.673,0
12730,ethics,8,256,65280,11,422,20400,75,0.9178915949159492,0.17114567247791526,0.25333333333333335,0.001,31,1,5.701,0
892,sycophancy-adj,8,256,65280,11,300,20400,68,0.9670245975628103,0.41740169115962145,0.4411764705882353,0.001,26,1,5.558,0
1031,harm,8,256,65280,11,492,20400,97,0.9765704220238643,0.46733115633265465,0.4536082474226804,0.001,26,1,4.839,0
9989,refusal,8,256,65280,12,668,20400,190,0.9069085132425323,0.17674228267315387,0.2894736842105263,0.001,40,1,7.791,0
817,deception,8,256,65280,12,581,20400,267,0.9111262166517751,0.24127966314892413,0.2958801498127341,0.001,35,1,6.288,0
12730,ethics,8,256,65280,12,403,20400,75,0.9113689216892168,0.13716829231474856,0.22666666666666666,0.001,28,1,5.025,0
892,sycophancy-adj,8,256,65280,12,286,20400,68,0.9705072270891437,0.40804337954862063,0.39705882352941174,0.001,23,1,4.488,0
1031,harm,8,256,65280,12,439,20400,97,0.9751227663780326,0.44630383499671816,0.4329896907216495,0.001,27,1,4.778,0
9989,refusal,8,256,65280,13,653,20400,190,0.9064085002213598,0.1941704326382155,0.2736842105263158,0.001,36,1,6.351,0
817,deception,8,256,65280,13,629,20400,267,0.9271827366737785,0.28484483647859654,0.31086142322097376,0.001,38,1,6.858,0
12730,ethics,8,256,65280,13,442,20400,75,0.927940303403034,0.13904114039819496,0.17333333333333334,0.001,35,1,5.757,0
892,sycophancy-adj,8,256,65280,13,300,20400,68,0.9658065813380241,0.40900493849369407,0.4411764705882353,0.001,24,1,4.717,0
1031,harm,8,256,65280,13,475,20400,97,0.9758925474931083,0.4671450310627956,0.4536082474226804,0.001,23,1,4.333,0
9989,refusal,8,256,65280,14,643,20400,190,0.8991158623922497,0.16672233594290245,0.2789473684210526,0.001,34,1,6.278,0
817,deception,8,256,65280,14,575,20400,267,0.9267706828243865,0.29407277053838515,0.352059925093633,0.001,44,1,7.892,0
12730,ethics,8,256,65280,14,397,20400,75,0.9057640016400164,0.15346154618736937,0.24,0.001,36,1,6.037,0
892,sycophancy-adj,8,256,65280,14,267,20400,68,0.9655787457615351,0.3973008589653327,0.38235294117647056,0.001,25,1,4.643,0
1031,harm,8,256,65280,14,436,20400,97,0.9752161962759046,0.44138103536062434,0.422680412371134,0.001,24,1,4.205,0
9989,refusal,8,320,81600,10,845,20400,190,0.9060301049506498,0.17479910482458597,0.28421052631578947,0.001,39,1,9.844,0
817,deception,8,320,81600,10,755,20400,267,0.9244466247022841,0.2782424506580058,0.3295880149812734,0.001,37,1,7.82,0
12730,ethics,8,320,81600,10,506,20400,75,0.9245559655596556,0.18194986931868828,0.24,0.001,34,1,7.03,0
892,sycophancy-adj,8,320,81600,10,358,20400,68,0.9723067664996355,0.42083992061009046,0.4411764705882353,0.001,26,1,5.885,0
1031,harm,8,320,81600,10,559,20400,97,0.977948513017476,0.46627613157563497,0.44329896907216493,0.001,24,1,5.756,0
9989,refusal,12,2,510,10,0,,,,,,0.001,,,0.0,1
817,deception,12,2,510,10,0,,,,,,0.001,,,0.0,1
12730,ethics,12,2,510,10,0,,,,,,0.001,,,0.0,1
892,sycophancy-adj,12,2,510,10,0,,,,,,0.001,,,0.0,1
1031,harm,12,2,510,10,1,20400,97,0.6715888312681433,0.008245759724062217,0.0,0.001,20,1,0.057,0
9989,refusal,12,2,510,11,1,20400,190,0.4760914346727779,0.008146910494830455,0.0,0.001,21,1,0.054,0
817,deception,12,2,510,11,1,20400,267,0.5957852193028719,0.03287374281605053,0.0599250936329588,0.001,18,1,0.057,0
12730,ethics,12,2,510,11,0,,,,,,0.001,,,0.0,1
892,sycophancy-adj,12,2,510,11,6,20400,68,0.8997440285380334,0.07166386807911838,0.16176470588235295,0.001,19,1,0.056,0
1031,harm,12,2,510,11,0,,,,,,0.001,,,0.0,1
9989,refusal,12,2,510,12,0,,,,,,0.001,,,0.0,1
817,deception,12,2,510,12,23,20400,267,0.6980002459301078,0.06635338533026348,0.09737827715355805,0.001,16,1,0.048,0
12730,ethics,12,2,510,12,0,,,,,,0.001,,,0.0,1
892,sycophancy-adj,12,2,510,12,1,20400,68,0.6023625464350604,0.007045615008307018,0.0,0.001,17,1,0.051,0
1031,harm,12,2,510,12,3,20400,97,0.8316385623779128,0.06473744888012312,0.13402061855670103,0.001,17,1,0.046,0
9989,refusal,12,2,510,13,0,,,,,,0.001,,,0.0,1
817,deception,12,2,510,13,0,,,,,,0.001,,,0.0,1
12730,ethics,12,2,510,13,0,,,,,,0.001,,,0.0,1
892,sycophancy-adj,12,2,510,13,0,,,,,,0.001,,,0.0,1
1031,harm,12,2,510,13,0,,,,,,0.001,,,0.0,1
9989,refusal,12,2,510,14,0,,,,,,0.001,,,0.0,1
817,deception,12,2,510,14,1,20400,267,0.5126408447494573,0.012425335281335955,0.003745318352059925,0.001,19,1,0.052,0
12730,ethics,12,2,510,14,0,,,,,,0.001,,,0.0,1
892,sycophancy-adj,12,2,510,14,0,,,,,,0.001,,,0.0,1
1031,harm,12,2,510,14,0,,,,,,0.001,,,0.0,1
9989,refusal,12,4,1020,10,8,20400,190,0.7828401781296388,0.07447708506300668,0.12105263157894737,0.001,22,1,0.102,0
817,deception,12,4,1020,10,7,20400,267,0.7598143692757768,0.042741338685773705,0.0599250936329588,0.001,19,1,0.092,0
12730,ethics,12,4,1020,10,1,20400,75,0.6866984829848298,0.007941384181812578,0.013333333333333334,0.001,19,1,0.095,0
892,sycophancy-adj,12,4,1020,10,0,,,,,,0.001,,,0.0,1
1031,harm,12,4,1020,10,4,20400,97,0.8458020779012395,0.03700848305297796,0.07216494845360824,0.001,22,1,0.102,0
9989,refusal,12,4,1020,11,1,20400,190,0.4886213182634965,0.008365524020752623,0.0,0.001,19,1,0.096,0
817,deception,12,4,1020,11,1,20400,267,0.611030095557427,0.03232810451321855,0.06367041198501873,0.001,17,1,0.085,0
12730,ethics,12,4,1020,11,0,,,,,,0.001,,,0.0,1
892,sycophancy-adj,12,4,1020,11,8,20400,68,0.934941008667878,0.08230678918877433,0.1323529411764706,0.001,20,1,0.083,0
1031,harm,12,4,1020,11,2,20400,97,0.8056335689560884,0.035819569787490374,0.1134020618556701,0.001,18,1,0.082,0
9989,refusal,12,4,1020,12,0,,,,,,0.001,,,0.0,1
817,deception,12,4,1020,12,5,20400,267,0.6622380644370368,0.030971224899701607,0.0299625468164794,0.001,20,1,0.096,0
12730,ethics,12,4,1020,12,8,20400,75,0.6875873718737187,0.008362414001114201,0.013333333333333334,0.001,21,1,0.087,0
892,sycophancy-adj,12,4,1020,12,13,20400,68,0.9554252352131094,0.203549720700422,0.2647058823529412,0.001,18,1,0.08,0
1031,harm,12,4,1020,12,2,20400,97,0.8575884626262635,0.049438619586860084,0.09278350515463918,0.001,18,1,0.086,0
9989,refusal,12,4,1020,13,0,,,,,,0.001,,,0.0,1
817,deception,12,4,1020,13,3,20400,267,0.5893447153210178,0.016250769965843837,0.011235955056179775,0.001,21,1,0.087,0
12730,ethics,12,4,1020,13,0,,,,,,0.001,,,0.0,1
892,sycophancy-adj,12,4,1020,13,0,,,,,,0.001,,,0.0,1
1031,harm,12,4,1020,13,0,,,,,,0.001,,,0.0,1
9989,refusal,12,4,1020,14,23,20400,190,0.8021348212193026,0.06004756670885676,0.07894736842105263,0.001,20,1,0.091,0
817,deception,12,4,1020,14,5,20400,267,0.6105912535571038,0.022634348144435008,0.04119850187265917,0.001,19,1,0.091,0
12730,ethics,12,4,1020,14,2,20400,75,0.6535045510455104,0.008954555457749107,0.013333333333333334,0.001,20,1,0.087,0
892,sycophancy-adj,12,4,1020,14,0,,,,,,0.001,,,0.0,1
1031,harm,12,4,1020,14,0,,,,,,0.001,,,0.0,1
9989,refusal,12,8,2040,10,4,20400,190,0.6660337508789291,0.01701468586203946,0.005263157894736842,0.001,20,1,0.157,0
817,deception,12,8,2040,10,3,20400,267,0.6092261740325711,0.021367769803746883,0.0449438202247191,0.001,19,1,0.145,0
12730,ethics,12,8,2040,10,0,,,,,,0.001,,,0.0,1
892,sycophancy-adj,12,8,2040,10,2,20400,68,0.8154177419541495,0.02532240982619245,0.07352941176470588,0.001,19,1,0.144,0
1031,harm,12,8,2040,10,4,20400,97,0.8793911417285851,0.04958272432735922,0.1134020618556701,0.001,18,1,0.138,0
9989,refusal,12,8,2040,11,6,20400,190,0.6130753405036589,0.015744998935239035,0.031578947368421054,0.001,22,1,0.176,0
817,deception,12,8,2040,11,17,20400,267,0.753208578682101,0.04463320118792715,0.0749063670411985,0.001,18,1,0.228,0
12730,ethics,12,8,2040,11,8,20400,75,0.6633515375153751,0.06306791131646965,0.10666666666666667,0.001,17,1,0.167,0
892,sycophancy-adj,12,8,2040,11,24,20400,68,0.9749728043883301,0.2056432458780409,0.22058823529411764,0.001,18,1,0.125,0
1031,harm,12,8,2040,11,9,20400,97,0.9255815630314143,0.1834438173583699,0.28865979381443296,0.001,19,1,0.146,0
9989,refusal,12,8,2040,12,32,20400,190,0.8172973254511836,0.11319892536669367,0.2,0.001,19,1,0.137,0
817,deception,12,8,2040,12,7,20400,267,0.7139564964149455,0.03479822449911576,0.0599250936329588,0.001,23,1,0.175,0
12730,ethics,12,8,2040,12,5,20400,75,0.7678163181631816,0.04170532988315258,0.10666666666666667,0.001,20,1,0.148,0
892,sycophancy-adj,12,8,2040,12,9,20400,68,0.9539547916353243,0.15711624450553788,0.25,0.001,19,1,0.133,0
1031,harm,12,8,2040,12,29,20400,97,0.9186773982413854,0.16349189703767217,0.24742268041237114,0.001,18,1,0.119,0
9989,refusal,12,8,2040,13,1,20400,190,0.6999152321675043,0.026505885614441393,0.07368421052631578,0.001,16,1,0.127,0
817,deception,12,8,2040,13,1,20400,267,0.5848007752193234,0.018513497497164928,0.0299625468164794,0.001,18,1,0.134,0
12730,ethics,12,8,2040,13,0,,,,,,0.001,,,0.0,1
892,sycophancy-adj,12,8,2040,13,11,20400,68,0.8865964691995233,0.06306847184565942,0.1323529411764706,0.001,22,1,0.152,0
1031,harm,12,8,2040,13,2,20400,97,0.7901488328117676,0.030801868210186066,0.020618556701030927,0.001,18,1,0.122,0
9989,refusal,12,8,2040,14,25,20400,190,0.8271402901117216,0.053796267587961744,0.05263157894736842,0.001,21,1,0.171,0
817,deception,12,8,2040,14,16,20400,267,0.7450557723721521,0.05210224184293849,0.08614232209737828,0.001,20,1,0.141,0
12730,ethics,12,8,2040,14,4,20400,75,0.7303104551045511,0.009210354347560722,0.0,0.001,20,1,0.148,0
892,sycophancy-adj,12,8,2040,14,2,20400,68,0.8728261592852762,0.03969181300173783,0.058823529411764705,0.001,20,1,0.152,0
1031,harm,12,8,2040,14,6,20400,97,0.903440200549307,0.07543413953664566,0.12371134020618557,0.001,19,1,0.137,0
9989,refusal,12,16,4080,10,34,20400,190,0.8596531159665617,0.08259193294856623,0.10526315789473684,0.001,22,1,0.278,0
817,deception,12,16,4080,10,31,20400,267,0.8330461978405402,0.12826189155490622,0.1760299625468165,0.001,21,1,0.274,0
12730,ethics,12,16,4080,10,5,20400,75,0.7082358343583437,0.025808232108621966,0.05333333333333334,0.001,20,1,0.27,0
892,sycophancy-adj,12,16,4080,10,11,20400,68,0.9605287521264653,0.13672668470201327,0.23529411764705882,0.001,20,1,0.257,0
1031,harm,12,16,4080,10,7,20400,97,0.919979831328568,0.08896040532771511,0.1134020618556701,0.001,23,1,0.312,0
9989,refusal,12,16,4080,11,49,20400,190,0.858917419724472,0.14284220455810667,0.17894736842105263,0.001,22,1,0.278,0
817,deception,12,16,4080,11,80,20400,267,0.8205938002917303,0.0854746587267251,0.1198501872659176,0.001,20,1,0.241,0
12730,ethics,12,16,4080,11,17,20400,75,0.7469507175071751,0.019262818579445853,0.06666666666666667,0.001,22,1,0.311,0
892,sycophancy-adj,12,16,4080,11,55,20400,68,0.9492816308108921,0.23844682476230594,0.27941176470588236,0.001,20,1,0.259,0
1031,harm,12,16,4080,11,59,20400,97,0.9648843221076973,0.45075479875018315,0.4639175257731959,0.001,19,1,0.273,0
9989,refusal,12,16,4080,12,55,20400,190,0.8625294929555457,0.10244917082663163,0.15789473684210525,0.001,20,1,0.255,0
817,deception,12,16,4080,12,74,20400,267,0.8344905256449107,0.11840560034400438,0.1760299625468165,0.001,18,1,0.241,0
12730,ethics,12,16,4080,12,38,20400,75,0.826469208692087,0.03811321875245944,0.10666666666666667,0.001,21,1,0.294,0
892,sycophancy-adj,12,16,4080,12,22,20400,68,0.9602712617606555,0.21832852340203088,0.29411764705882354,0.001,22,1,0.275,0
1031,harm,12,16,4080,12,82,20400,97,0.9741361669673518,0.4425601085714359,0.4639175257731959,0.001,18,1,0.228,0
9989,refusal,12,16,4080,13,33,20400,190,0.8248248652308654,0.06156033965902459,0.11578947368421053,0.001,20,1,0.264,0
817,deception,12,16,4080,13,30,20400,267,0.8293330624753629,0.11388799647812307,0.17228464419475656,0.001,21,1,0.25,0
12730,ethics,12,16,4080,13,18,20400,75,0.7843463714637147,0.017891161815131056,0.06666666666666667,0.001,21,1,0.284,0
892,sycophancy-adj,12,16,4080,13,32,20400,68,0.949330814363912,0.20667429870562196,0.27941176470588236,0.001,19,1,0.234,0
1031,harm,12,16,4080,13,16,20400,97,0.9256805784123112,0.22471735145070418,0.29896907216494845,0.001,20,1,0.252,0
9989,refusal,12,16,4080,14,48,20400,190,0.8611935206646006,0.09603180013686709,0.12105263157894737,0.001,18,1,0.243,0
817,deception,12,16,4080,14,49,20400,267,0.8541762820316059,0.122425593827513,0.20224719101123595,0.001,20,1,0.271,0
12730,ethics,12,16,4080,14,13,20400,75,0.7130994669946699,0.036975521619150346,0.04,0.001,22,1,0.285,0
892,sycophancy-adj,12,16,4080,14,19,20400,68,0.9747283331983196,0.28372133207422906,0.29411764705882354,0.001,20,1,0.279,0
1031,harm,12,16,4080,14,25,20400,97,0.9509457492189209,0.22081416495186457,0.29896907216494845,0.001,20,1,0.237,0
9989,refusal,12,32,8160,10,106,20400,190,0.887939529675252,0.12684874826012063,0.21052631578947367,0.001,22,1,0.486,0
817,deception,12,32,8160,10,43,20400,267,0.8062909740115871,0.0902012766905672,0.1348314606741573,0.001,21,1,0.488,0
12730,ethics,12,32,8160,10,27,20400,75,0.838469536695367,0.057945382803943374,0.06666666666666667,0.001,23,1,0.547,0
892,sycophancy-adj,12,32,8160,10,34,20400,68,0.9694150628970849,0.20208286339502113,0.2647058823529412,0.001,20,1,0.459,0
1031,harm,12,32,8160,10,58,20400,97,0.9726280865506138,0.42431437581860504,0.44329896907216493,0.001,23,1,0.546,0
9989,refusal,12,32,8160,11,78,20400,190,0.8291132581577645,0.08415896405720663,0.11578947368421053,0.001,23,1,0.646,0
817,deception,12,32,8160,11,31,20400,267,0.7372260981328101,0.057844849694189605,0.11610486891385768,0.001,26,1,0.654,0
12730,ethics,12,32,8160,11,20,20400,75,0.6875053710537106,0.0512040998067633,0.05333333333333334,0.001,22,1,0.469,0
892,sycophancy-adj,12,32,8160,11,28,20400,68,0.966060455266112,0.23230765677735182,0.27941176470588236,0.001,19,1,0.45,0
1031,harm,12,32,8160,11,33,20400,97,0.9544724739779963,0.34305352135117617,0.35051546391752575,0.001,23,1,0.529,0
9989,refusal,12,32,8160,12,66,20400,190,0.8484293861819319,0.08850097614091162,0.15263157894736842,0.001,21,1,0.455,0
817,deception,12,32,8160,12,65,20400,267,0.8460594722994708,0.14459276103037816,0.1797752808988764,0.001,23,1,0.506,0
12730,ethics,12,32,8160,12,24,20400,75,0.7722476424764249,0.05805680587830582,0.09333333333333334,0.001,25,1,0.583,0
892,sycophancy-adj,12,32,8160,12,29,20400,68,0.9803844417956047,0.2414412404152055,0.3088235294117647,0.001,20,1,0.518,0
1031,harm,12,32,8160,12,66,20400,97,0.966508428239999,0.346662490829973,0.3711340206185567,0.001,20,1,0.515,0
9989,refusal,12,32,8160,13,60,20400,190,0.8701231802911535,0.11933566122015993,0.18421052631578946,0.001,23,1,0.525,0
817,deception,12,32,8160,13,42,20400,267,0.8485114252393865,0.10171210800159149,0.16104868913857678,0.001,21,1,0.51,0
12730,ethics,12,32,8160,13,89,20400,75,0.8647714637146372,0.06328645168246412,0.08,0.001,20,1,0.473,0
892,sycophancy-adj,12,32,8160,13,43,20400,68,0.9741316209741816,0.26200963195332194,0.27941176470588236,0.001,20,1,0.479,0
1031,harm,12,32,8160,13,37,20400,97,0.9449266296027553,0.3662563706597731,0.3711340206185567,0.001,20,1,0.439,0
9989,refusal,12,32,8160,14,43,20400,190,0.8661509414307663,0.12768274884763947,0.15789473684210525,0.001,23,1,0.549,0
817,deception,12,32,8160,14,42,20400,267,0.7779197177719477,0.059461657222436466,0.10486891385767791,0.001,22,1,0.593,0
12730,ethics,12,32,8160,14,27,20400,75,0.8434833948339482,0.05905121766547976,0.12,0.001,20,1,0.502,0
892,sycophancy-adj,12,32,8160,14,24,20400,68,0.9450178507365959,0.11322826985056655,0.16176470588235295,0.001,23,1,0.59,0
1031,harm,12,32,8160,14,23,20400,97,0.949870797622209,0.23177792831991775,0.27835051546391754,0.001,22,1,0.595,0
9989,refusal,12,64,16320,10,132,20400,190,0.874041381285971,0.1131041416710922,0.19473684210526315,0.001,23,1,0.954,0
817,deception,12,64,16320,10,90,20400,267,0.8543660314340349,0.12961519136050692,0.19850187265917604,0.001,25,1,1.092,0
12730,ethics,12,64,16320,10,56,20400,75,0.8470940549405495,0.06360328024288314,0.12,0.001,21,1,1.004,0
892,sycophancy-adj,12,64,16320,10,59,20400,68,0.9731870074411824,0.2559156638268353,0.29411764705882354,0.001,24,1,1.086,0
1031,harm,12,64,16320,10,61,20400,97,0.964579405511653,0.28326671760167116,0.32989690721649484,0.001,20,1,0.956,0
9989,refusal,12,64,16320,11,154,20400,190,0.8939764056355635,0.14607071773927988,0.24210526315789474,0.001,23,1,0.991,0
817,deception,12,64,16320,11,144,20400,267,0.868175695296689,0.15503146625284053,0.21722846441947566,0.001,24,1,1.083,0
12730,ethics,12,64,16320,11,114,20400,75,0.8866250102501025,0.09610255994046817,0.17333333333333334,0.001,21,1,0.94,0
892,sycophancy-adj,12,64,16320,11,56,20400,68,0.9698569915867193,0.24858853937719688,0.29411764705882354,0.001,20,1,1.034,0
1031,harm,12,64,16320,11,113,20400,97,0.9714861091576026,0.4482455493549079,0.422680412371134,0.001,20,1,0.895,0
9989,refusal,12,64,16320,12,131,20400,190,0.9013325867861143,0.12510498288529448,0.21052631578947367,0.001,23,1,0.987,0
817,deception,12,64,16320,12,90,20400,267,0.8348458407024002,0.12423000518837357,0.19101123595505617,0.001,24,1,1.06,0
12730,ethics,12,64,16320,12,104,20400,75,0.8711216072160721,0.11926644867127346,0.2,0.001,22,1,1.212,0
892,sycophancy-adj,12,64,16320,12,43,20400,68,0.9823915647313421,0.3039080133396266,0.3382352941176471,0.001,19,1,1.246,0
1031,harm,12,64,16320,12,111,20400,97,0.9774397262910209,0.4227459233899891,0.41237113402061853,0.001,19,1,0.909,0
9989,refusal,12,64,16320,13,185,20400,190,0.8933787338211933,0.13140974854556264,0.19473684210526315,0.001,23,1,1.217,0
817,deception,12,64,16320,13,152,20400,267,0.8859274960092166,0.19905114398491278,0.2546816479400749,0.001,21,1,1.162,0
12730,ethics,12,64,16320,13,146,20400,75,0.8850879868798688,0.0826686588169871,0.14666666666666667,0.001,21,1,1.298,0
892,sycophancy-adj,12,64,16320,13,95,20400,68,0.9903947414102371,0.3984276807628345,0.47058823529411764,0.001,23,1,1.293,0
1031,harm,12,64,16320,13,119,20400,97,0.9729525523372454,0.4445111142996528,0.44329896907216493,0.001,20,1,1.763,0
9989,refusal,12,64,16320,14,101,20400,190,0.8875530612776373,0.16988971430775693,0.26842105263157895,0.001,21,1,1.148,0
817,deception,12,64,16320,14,131,20400,267,0.897555599830416,0.19205888000199903,0.27340823970037453,0.001,22,1,1.369,0
12730,ethics,12,64,16320,14,114,20400,75,0.8931765477654776,0.11366321078154917,0.21333333333333335,0.001,21,1,1.296,0
892,sycophancy-adj,12,64,16320,14,84,20400,68,0.9856463586811863,0.34579141723646484,0.38235294117647056,0.001,22,1,1.293,0
1031,harm,12,64,16320,14,115,20400,97,0.9777047828491143,0.4577654897696422,0.4329896907216495,0.001,20,1,1.043,0
9989,refusal,12,128,32640,10,307,20400,190,0.9186387666345478,0.2713143120398969,0.3473684210526316,0.001,24,1,3.375,0
817,deception,12,128,32640,10,238,20400,267,0.9017561307194795,0.2166922691895882,0.2696629213483146,0.001,24,1,2.847,0
12730,ethics,12,128,32640,10,208,20400,75,0.9255281672816729,0.10735356197111569,0.16,0.001,23,1,3.466,0
892,sycophancy-adj,12,128,32640,10,123,20400,68,0.9845491314763166,0.34807774496930266,0.3382352941176471,0.001,20,1,2.928,0
1031,harm,12,128,32640,10,203,20400,97,0.9805361149715826,0.5119994506640766,0.5257731958762887,0.001,20,1,3.266,0
9989,refusal,12,128,32640,11,370,20400,190,0.9156311362275059,0.20226996559783292,0.29473684210526313,0.001,24,1,2.956,0
817,deception,12,128,32640,11,298,20400,267,0.9152322448972758,0.29072144622017465,0.30337078651685395,0.001,25,1,2.422,0
12730,ethics,12,128,32640,11,293,20400,75,0.9029982779827799,0.13345647029509386,0.21333333333333335,0.001,21,1,1.977,0
892,sycophancy-adj,12,128,32640,11,185,20400,68,0.9872657994931201,0.42708174595853055,0.4117647058823529,0.001,22,1,2.127,0
1031,harm,12,128,32640,11,273,20400,97,0.9807575032078445,0.5504709356231211,0.5257731958762887,0.001,22,1,1.93,0
9989,refusal,12,128,32640,12,227,20400,190,0.9236816062918305,0.20795916027135522,0.2736842105263158,0.001,27,1,2.379,0
817,deception,12,128,32640,12,222,20400,267,0.9180464889756528,0.25385036061349214,0.299625468164794,0.001,24,1,2.204,0
12730,ethics,12,128,32640,12,182,20400,75,0.9052765887658876,0.1441174520785905,0.2,0.001,25,1,2.254,0
892,sycophancy-adj,12,128,32640,12,148,20400,68,0.9808726608880813,0.36949113659212884,0.4117647058823529,0.001,24,1,2.118,0
1031,harm,12,128,32640,12,192,20400,97,0.9834339651191663,0.5048083486164764,0.5051546391752577,0.001,19,1,1.687,0
9989,refusal,12,128,32640,13,278,20400,190,0.9251418005677232,0.23694057175947647,0.3368421052631579,0.001,25,1,2.472,0
817,deception,12,128,32640,13,293,20400,267,0.9120284564574419,0.24236604711746737,0.2958801498127341,0.001,25,1,2.224,0
12730,ethics,12,128,32640,13,193,20400,75,0.9095530955309554,0.13151422279688607,0.17333333333333334,0.001,22,1,1.891,0
892,sycophancy-adj,12,128,32640,13,153,20400,68,0.9874639802802884,0.39606565710743297,0.39705882352941174,0.001,24,1,2.085,0
1031,harm,12,128,32640,13,214,20400,97,0.976913675344307,0.49164021712675876,0.4639175257731959,0.001,23,1,1.95,0
9989,refusal,12,128,32640,14,307,20400,190,0.9012041980259903,0.16238611855601365,0.22631578947368422,0.001,26,1,2.492,0
817,deception,12,128,32640,14,337,20400,267,0.9257095744013918,0.30921898887857724,0.33707865168539325,0.001,23,1,2.368,0
12730,ethics,12,128,32640,14,245,20400,75,0.9017092250922509,0.10740492918701959,0.16,0.001,22,1,2.076,0
892,sycophancy-adj,12,128,32640,14,167,20400,68,0.9875739199870386,0.4645898682170705,0.4411764705882353,0.001,22,1,2.179,0
1031,harm,12,128,32640,14,195,20400,97,0.9771462345466189,0.4624210629586133,0.4536082474226804,0.001,23,1,2.144,0
9989,refusal,12,256,65280,10,663,20400,190,0.9298072866480898,0.2886261323527961,0.3631578947368421,0.001,30,1,6.709,0
817,deception,12,256,65280,10,605,20400,267,0.9294992606284316,0.30623173139754706,0.31835205992509363,0.001,29,1,4.762,0
12730,ethics,12,256,65280,10,332,20400,75,0.8979817958179582,0.1659821476913009,0.18666666666666668,0.001,26,1,4.375,0
892,sycophancy-adj,12,256,65280,10,236,20400,68,0.9853592135260558,0.43940393591820776,0.4411764705882353,0.001,22,1,3.897,0
1031,harm,12,256,65280,10,439,20400,97,0.9832994057553832,0.5567333966021445,0.5360824742268041,0.001,22,1,4.099,0
9989,refusal,12,256,65280,11,667,20400,190,0.9338269225761087,0.2744704006964064,0.33157894736842103,0.001,29,1,10.12,0
817,deception,12,256,65280,11,611,20400,267,0.9324774891168486,0.2983231994577177,0.31835205992509363,0.001,29,1,9.232,0
12730,ethics,12,256,65280,11,422,20400,75,0.9186637146371464,0.21037494416787397,0.26666666666666666,0.001,26,1,8.253,0
892,sycophancy-adj,12,256,65280,11,300,20400,68,0.9866083311152515,0.44233486622538065,0.45588235294117646,0.001,25,1,8.01,0
1031,harm,12,256,65280,11,492,20400,97,0.9838224100749927,0.5642064208517965,0.5257731958762887,0.001,25,1,6.031,0
9989,refusal,12,256,65280,12,668,20400,190,0.9267488736685849,0.2565548528523645,0.34210526315789475,0.001,28,1,8.604,0
817,deception,12,256,65280,12,581,20400,267,0.9329293531349857,0.2959981651263012,0.3295880149812734,0.001,32,1,8.88,0
12730,ethics,12,256,65280,12,403,20400,75,0.9216360803608035,0.1809091407078261,0.24,0.001,25,1,6.852,0
892,sycophancy-adj,12,256,65280,12,286,20400,68,0.9865222598974668,0.4413035722125727,0.4411764705882353,0.001,23,1,5.253,0
1031,harm,12,256,65280,12,439,20400,97,0.9824859563184761,0.5692356239399474,0.5257731958762887,0.001,23,1,4.834,0
9989,refusal,12,256,65280,13,653,20400,190,0.9259827078830178,0.25870541106264405,0.3157894736842105,0.001,27,1,8.808,0
817,deception,12,256,65280,13,629,20400,267,0.9351550020081811,0.32819620124515114,0.3445692883895131,0.001,30,1,7.065,0
12730,ethics,12,256,65280,13,442,20400,75,0.9123798277982781,0.1611086886204077,0.2,0.001,27,1,6.644,0
892,sycophancy-adj,12,256,65280,13,300,20400,68,0.9851292080869334,0.44253479327420064,0.39705882352941174,0.001,22,1,5.399,0
1031,harm,12,256,65280,13,475,20400,97,0.9843124092676365,0.5647267323332891,0.5360824742268041,0.001,24,1,5.252,0
9989,refusal,12,256,65280,14,643,20400,190,0.9242792781062008,0.2580312808712785,0.3157894736842105,0.001,28,1,7.312,0
817,deception,12,256,65280,14,575,20400,267,0.9344395351437287,0.34330845356090034,0.36329588014981273,0.001,29,1,6.118,0
12730,ethics,12,256,65280,14,397,20400,75,0.9091732677326774,0.1388908391804698,0.18666666666666668,0.001,27,1,5.912,0
892,sycophancy-adj,12,256,65280,14,267,20400,68,0.9836891425860134,0.42061413873726067,0.4264705882352941,0.001,24,1,5.317,0
1031,harm,12,256,65280,14,436,20400,97,0.9835273950170383,0.5467787983778515,0.5257731958762887,0.001,22,1,5.052,0
9989,refusal,12,320,81600,10,845,20400,190,0.9341469829943487,0.28150886445509554,0.3473684210526316,0.001,30,1,9.257,0
817,deception,12,320,81600,10,755,20400,267,0.938098722149392,0.331820738594199,0.3707865168539326,0.001,30,1,7.394,0
12730,ethics,12,320,81600,10,506,20400,75,0.9181185731857318,0.17366632997115977,0.21333333333333335,0.001,26,1,5.915,0
892,sycophancy-adj,12,320,81600,10,358,20400,68,0.987435048778512,0.45250897880011304,0.39705882352941174,0.001,24,1,6.783,0
1031,harm,12,320,81600,10,559,20400,97,0.9828439350032574,0.5700937056041196,0.5567010309278351,0.001,22,1,5.356,0
9989,refusal,20,2,510,10,0,,,,,,0.001,,,0.0,1
817,deception,20,2,510,10,0,,,,,,0.001,,,0.0,1
12730,ethics,20,2,510,10,0,,,,,,0.001,,,0.0,1
892,sycophancy-adj,20,2,510,10,0,,,,,,0.001,,,0.0,1
1031,harm,20,2,510,10,1,20400,97,0.6698674869540889,0.007727777171242636,0.0,0.001,21,1,0.087,0
9989,refusal,20,2,510,11,1,20400,190,0.5624729810672153,0.011043611711536616,0.005263157894736842,0.001,19,1,0.055,0
817,deception,20,2,510,11,1,20400,267,0.7739839989165681,0.047772200749560366,0.052434456928838954,0.001,21,1,0.065,0
12730,ethics,20,2,510,11,0,,,,,,0.001,,,0.0,1
892,sycophancy-adj,20,2,510,11,6,20400,68,0.8886780907523347,0.08475903787265864,0.14705882352941177,0.001,18,1,0.051,0
1031,harm,20,2,510,11,0,,,,,,0.001,,,0.0,1
9989,refusal,20,2,510,12,0,,,,,,0.001,,,0.0,1
817,deception,20,2,510,12,23,20400,267,0.8555177358952479,0.1639368651634194,0.23220973782771537,0.001,20,1,0.075,0
12730,ethics,20,2,510,12,0,,,,,,0.001,,,0.0,1
892,sycophancy-adj,20,2,510,12,1,20400,68,0.5865399081135503,0.010004429183915392,0.0,0.001,20,1,0.103,0
1031,harm,20,2,510,12,3,20400,97,0.8416109345477867,0.0819327411646218,0.15463917525773196,0.001,21,1,0.109,0
9989,refusal,20,2,510,13,0,,,,,,0.001,,,0.0,1
817,deception,20,2,510,13,0,,,,,,0.001,,,0.0,1
12730,ethics,20,2,510,13,0,,,,,,0.001,,,0.0,1
892,sycophancy-adj,20,2,510,13,0,,,,,,0.001,,,0.0,1
1031,harm,20,2,510,13,0,,,,,,0.001,,,0.0,1
9989,refusal,20,2,510,14,0,,,,,,0.001,,,0.0,1
817,deception,20,2,510,14,1,20400,267,0.6989034158799041,0.021463353839378717,0.003745318352059925,0.001,21,1,0.064,0
12730,ethics,20,2,510,14,0,,,,,,0.001,,,0.0,1
892,sycophancy-adj,20,2,510,14,0,,,,,,0.001,,,0.0,1
1031,harm,20,2,510,14,0,,,,,,0.001,,,0.0,1
9989,refusal,20,4,1020,10,8,20400,190,0.8662453449308575,0.11838344825108942,0.18421052631578946,0.001,22,1,0.109,0
817,deception,20,4,1020,10,7,20400,267,0.8530930361783279,0.10127601520866018,0.12734082397003746,0.001,19,1,0.112,0
12730,ethics,20,4,1020,10,1,20400,75,0.7683824518245181,0.019382209117540856,0.06666666666666667,0.001,19,1,0.107,0
892,sycophancy-adj,20,4,1020,10,0,,,,,,0.001,,,0.0,1
1031,harm,20,4,1020,10,4,20400,97,0.9171132091088057,0.10795904256586907,0.1958762886597938,0.001,19,1,0.095,0
9989,refusal,20,4,1020,11,1,20400,190,0.5977555405088674,0.012085221972286906,0.005263157894736842,0.001,21,1,0.101,0
817,deception,20,4,1020,11,1,20400,267,0.7763908398662006,0.046882619206228396,0.052434456928838954,0.001,21,1,0.129,0
12730,ethics,20,4,1020,11,0,,,,,,0.001,,,0.0,1
892,sycophancy-adj,20,4,1020,11,8,20400,68,0.9480780803369941,0.06928462554676824,0.10294117647058823,0.001,20,1,0.103,0
1031,harm,20,4,1020,11,2,20400,97,0.7716811948465288,0.02005184043072949,0.041237113402061855,0.001,22,1,0.126,0
9989,refusal,20,4,1020,12,0,,,,,,0.001,,,0.0,1
817,deception,20,4,1020,12,5,20400,267,0.8234350185498643,0.08712442824448881,0.14606741573033707,0.001,24,1,0.143,0
12730,ethics,20,4,1020,12,8,20400,75,0.8033751537515376,0.02277096856632706,0.04,0.001,21,1,0.094,0
892,sycophancy-adj,20,4,1020,12,13,20400,68,0.9576240293481154,0.12483447537458407,0.20588235294117646,0.001,20,1,0.105,0
1031,harm,20,4,1020,12,2,20400,97,0.8014177987002075,0.02384786831702422,0.020618556701030927,0.001,21,1,0.117,0
9989,refusal,20,4,1020,13,0,,,,,,0.001,,,0.0,1
817,deception,20,4,1020,13,3,20400,267,0.7310915185551663,0.032306270024084545,0.04119850187265917,0.001,20,1,0.12,0
12730,ethics,20,4,1020,13,0,,,,,,0.001,,,0.0,1
892,sycophancy-adj,20,4,1020,13,0,,,,,,0.001,,,0.0,1
1031,harm,20,4,1020,13,0,,,,,,0.001,,,0.0,1
9989,refusal,20,4,1020,14,23,20400,190,0.845126956431157,0.11031633072779332,0.14736842105263157,0.001,22,1,0.106,0
817,deception,20,4,1020,14,5,20400,267,0.6300230805964308,0.041881080417483695,0.0599250936329588,0.001,23,1,0.135,0
12730,ethics,20,4,1020,14,2,20400,75,0.7321426814268143,0.012360068778803607,0.013333333333333334,0.001,22,1,0.123,0
892,sycophancy-adj,20,4,1020,14,0,,,,,,0.001,,,0.0,1
1031,harm,20,4,1020,14,0,,,,,,0.001,,,0.0,1
9989,refusal,20,8,2040,10,4,20400,190,0.7726899137998384,0.0392907985265461,0.07368421052631578,0.001,21,1,0.209,0
817,deception,20,8,2040,10,3,20400,267,0.7379611910383961,0.036175742820249344,0.06367041198501873,0.001,18,1,0.158,0
12730,ethics,20,8,2040,10,0,,,,,,0.001,,,0.0,1
892,sycophancy-adj,20,8,2040,10,2,20400,68,0.8344647961486386,0.027407632084105685,0.029411764705882353,0.001,19,1,0.166,0
1031,harm,20,8,2040,10,4,20400,97,0.9028435694080049,0.04441366957729631,0.061855670103092786,0.001,24,1,0.191,0
9989,refusal,20,8,2040,11,6,20400,190,0.7829255970207558,0.04693132578096314,0.08421052631578947,0.001,19,1,0.156,0
817,deception,20,8,2040,11,17,20400,267,0.8721781054861575,0.1306591706458295,0.1947565543071161,0.001,20,1,0.169,0
12730,ethics,20,8,2040,11,8,20400,75,0.8852250922509226,0.10392152210406015,0.13333333333333333,0.001,19,1,0.16,0
892,sycophancy-adj,20,8,2040,11,24,20400,68,0.9784727928157294,0.19834015000442567,0.2647058823529412,0.001,19,1,0.142,0
1031,harm,20,8,2040,11,9,20400,97,0.9430788502638633,0.2553933959971441,0.29896907216494845,0.001,20,1,0.187,0
9989,refusal,20,8,2040,12,32,20400,190,0.9024870439334357,0.2528635594735702,0.2894736842105263,0.001,21,1,0.181,0
817,deception,20,8,2040,12,7,20400,267,0.8456476044789043,0.07778725801692045,0.11235955056179775,0.001,23,1,0.2,0
12730,ethics,20,8,2040,12,5,20400,75,0.7978810988109881,0.06559210382152862,0.12,0.001,23,1,0.208,0
892,sycophancy-adj,20,8,2040,12,9,20400,68,0.9487442281653957,0.09487608704981372,0.16176470588235295,0.001,25,1,0.207,0
1031,harm,20,8,2040,12,29,20400,97,0.9690117401775472,0.32896888651144707,0.35051546391752575,0.001,20,1,0.182,0
9989,refusal,20,8,2040,13,1,20400,190,0.7488027031953957,0.027791056685066543,0.04736842105263158,0.001,22,1,0.231,0
817,deception,20,8,2040,13,1,20400,267,0.5729582731762617,0.01739001683193512,0.02247191011235955,0.001,20,1,0.179,0
12730,ethics,20,8,2040,13,0,,,,,,0.001,,,0.0,1
892,sycophancy-adj,20,8,2040,13,11,20400,68,0.8657028619041558,0.03615604362954729,0.058823529411764705,0.001,24,1,0.202,0
1031,harm,20,8,2040,13,2,20400,97,0.8666450694656367,0.10571737112865578,0.17525773195876287,0.001,19,1,0.164,0
9989,refusal,20,8,2040,14,25,20400,190,0.8903532644079272,0.1458683789374951,0.19473684210526315,0.001,22,1,0.216,0
817,deception,20,8,2040,14,16,20400,267,0.7948954062227758,0.06530662119295313,0.07865168539325842,0.001,22,1,0.181,0
12730,ethics,20,8,2040,14,4,20400,75,0.8354027060270602,0.018605547312966927,0.04,0.001,22,1,0.189,0
892,sycophancy-adj,20,8,2040,14,2,20400,68,0.8267820358519171,0.02022007356669847,0.029411764705882353,0.001,21,1,0.174,0
1031,harm,20,8,2040,14,6,20400,97,0.8903656003302545,0.05659475782638893,0.08247422680412371,0.001,21,1,0.184,0
9989,refusal,20,16,4080,10,34,20400,190,0.9461571915935308,0.22613963543403484,0.2894736842105263,0.001,21,1,0.303,0
817,deception,20,16,4080,10,31,20400,267,0.9324497708217879,0.26847092395502414,0.30711610486891383,0.001,22,1,0.309,0
12730,ethics,20,16,4080,10,5,20400,75,0.8052880688806888,0.053217115431901656,0.06666666666666667,0.001,22,1,0.322,0
892,sycophancy-adj,20,16,4080,10,11,20400,68,0.9449108041800234,0.11182270378079892,0.20588235294117646,0.001,20,1,0.315,0
1031,harm,20,16,4080,10,7,20400,97,0.9272841198116575,0.09629730153628042,0.16494845360824742,0.001,23,1,0.324,0
9989,refusal,20,16,4080,11,49,20400,190,0.9571189353889424,0.30660515622391715,0.35789473684210527,0.001,23,1,0.326,0
817,deception,20,16,4080,11,80,20400,267,0.9516907322857306,0.37028300035869005,0.40074906367041196,0.001,22,1,0.309,0
12730,ethics,20,16,4080,11,17,20400,75,0.888830176301763,0.03703974188033094,0.08,0.001,23,1,0.327,0
892,sycophancy-adj,20,16,4080,11,55,20400,68,0.9845744465403711,0.321196582498503,0.35294117647058826,0.001,22,1,0.321,0
1031,harm,20,16,4080,11,59,20400,97,0.9915151435139086,0.5481652131907019,0.5051546391752577,0.001,20,1,0.298,0
9989,refusal,20,16,4080,12,55,20400,190,0.9574587879892705,0.34671555931932574,0.35789473684210527,0.001,24,1,0.359,0
817,deception,20,16,4080,12,74,20400,267,0.9234011427006659,0.2859983082612425,0.3146067415730337,0.001,22,1,0.318,0
12730,ethics,20,16,4080,12,38,20400,75,0.9273177531775317,0.2040910844881059,0.26666666666666666,0.001,24,1,0.355,0
892,sycophancy-adj,20,16,4080,12,22,20400,68,0.9743695825762924,0.2383678991584986,0.3235294117647059,0.001,24,1,0.314,0
1031,harm,20,16,4080,12,82,20400,97,0.9912683667184423,0.5271449022364985,0.4742268041237113,0.001,19,1,0.288,0
9989,refusal,20,16,4080,13,33,20400,190,0.9309179926560589,0.20625674687303563,0.2736842105263158,0.001,23,1,0.317,0
817,deception,20,16,4080,13,30,20400,267,0.9252588265562101,0.2578804393434244,0.30337078651685395,0.001,22,1,0.378,0
12730,ethics,20,16,4080,13,18,20400,75,0.895978351783518,0.055114901719784504,0.12,0.001,21,1,0.283,0
892,sycophancy-adj,20,16,4080,13,32,20400,68,0.9769575054101909,0.21705073607234227,0.2647058823529412,0.001,21,1,0.274,0
1031,harm,20,16,4080,13,16,20400,97,0.9501668282225317,0.2735938289787032,0.32989690721649484,0.001,23,1,0.33,0
9989,refusal,20,16,4080,14,48,20400,190,0.9531150550795593,0.2826946739090893,0.3368421052631579,0.001,22,1,0.329,0
817,deception,20,16,4080,14,49,20400,267,0.9600004539103351,0.3513558814551497,0.42696629213483145,0.001,22,1,0.333,0
12730,ethics,20,16,4080,14,13,20400,75,0.8382281262812629,0.06280927718231089,0.05333333333333334,0.001,24,1,0.295,0
892,sycophancy-adj,20,16,4080,14,19,20400,68,0.9845686602400158,0.3398293776615381,0.36764705882352944,0.001,24,1,0.339,0
1031,harm,20,16,4080,14,25,20400,97,0.9631185478150353,0.2755708033426562,0.30927835051546393,0.001,21,1,0.307,0
9989,refusal,20,32,8160,10,106,20400,190,0.9686796531159666,0.44328562466526883,0.46842105263157896,0.001,22,1,0.56,0
817,deception,20,32,8160,10,43,20400,267,0.9314548886608176,0.2559774809391025,0.29213483146067415,0.001,22,1,0.542,0
12730,ethics,20,32,8160,10,27,20400,75,0.9335524395243953,0.16193455466731635,0.25333333333333335,0.001,24,1,0.562,0
892,sycophancy-adj,20,32,8160,10,34,20400,68,0.9787888694726365,0.19770415268168057,0.25,0.001,22,1,0.543,0
1031,harm,20,32,8160,10,58,20400,97,0.9884593765280738,0.5568237048593213,0.5051546391752577,0.001,22,1,0.573,0
9989,refusal,20,32,8160,11,78,20400,190,0.9574022761009403,0.35934045843721424,0.4052631578947368,0.001,26,1,0.674,0
817,deception,20,32,8160,11,31,20400,267,0.8999559297711417,0.21142264877229258,0.27340823970037453,0.001,23,1,0.571,0
12730,ethics,20,32,8160,11,20,20400,75,0.846968101681017,0.07769736856335792,0.05333333333333334,0.001,24,1,0.584,0
892,sycophancy-adj,20,32,8160,11,28,20400,68,0.9775361354457187,0.24442430371226043,0.27941176470588236,0.001,23,1,0.609,0
1031,harm,20,32,8160,11,33,20400,97,0.9749227045315024,0.35802164915597445,0.36082474226804123,0.001,23,1,0.572,0
9989,refusal,20,32,8160,12,66,20400,190,0.946113700877627,0.2967895545118398,0.34210526315789475,0.001,25,1,0.611,0
817,deception,20,32,8160,12,65,20400,267,0.9591315132645064,0.4216091213250466,0.4419475655430712,0.001,25,1,0.615,0
12730,ethics,20,32,8160,12,24,20400,75,0.9168190241902419,0.13787970867751914,0.2,0.001,24,1,0.578,0
892,sycophancy-adj,20,32,8160,12,29,20400,68,0.9779968696115078,0.28060860429951134,0.3088235294117647,0.001,25,1,0.646,0
1031,harm,20,32,8160,12,66,20400,97,0.9868015036120303,0.49699323433393505,0.4845360824742268,0.001,24,1,0.59,0
9989,refusal,20,32,8160,13,60,20400,190,0.9481387536133753,0.3006718820281835,0.30526315789473685,0.001,26,1,0.636,0
817,deception,20,32,8160,13,42,20400,267,0.9400201208778104,0.25343598378455007,0.31086142322097376,0.001,24,1,0.598,0
12730,ethics,20,32,8160,13,89,20400,75,0.9633246412464125,0.27765421686095115,0.30666666666666664,0.001,23,1,0.554,0
892,sycophancy-adj,20,32,8160,13,43,20400,68,0.9862842982953559,0.29259589384623585,0.29411764705882354,0.001,22,1,0.532,0
1031,harm,20,32,8160,13,37,20400,97,0.981952796575185,0.46769860939984753,0.4329896907216495,0.001,23,1,0.663,0
9989,refusal,20,32,8160,14,43,20400,190,0.9425956405114716,0.2750026825867637,0.3368421052631579,0.001,24,1,0.591,0
817,deception,20,32,8160,14,42,20400,267,0.9102401613539624,0.22392199671363977,0.2958801498127341,0.001,22,1,0.547,0
12730,ethics,20,32,8160,14,27,20400,75,0.9206645346453464,0.1544289715329146,0.18666666666666668,0.001,22,1,0.574,0
892,sycophancy-adj,20,32,8160,14,24,20400,68,0.9439878892733564,0.08751761092011347,0.1323529411764706,0.001,27,1,0.657,0
1031,harm,20,32,8160,14,23,20400,97,0.9814353777386005,0.4276447147790798,0.4020618556701031,0.001,25,1,0.633,0
9989,refusal,20,64,16320,10,132,20400,190,0.9617677543686034,0.43293216485551855,0.4263157894736842,0.001,26,1,1.279,0
817,deception,20,64,16320,10,90,20400,267,0.965124803948871,0.4674108331595734,0.46441947565543074,0.001,25,1,1.37,0
12730,ethics,20,64,16320,10,56,20400,75,0.9380106601066011,0.1344886994496766,0.21333333333333335,0.001,24,1,1.052,0
892,sycophancy-adj,20,64,16320,10,59,20400,68,0.9865569776995985,0.3270814813435928,0.3235294117647059,0.001,25,1,1.112,0
1031,harm,20,64,16320,10,61,20400,97,0.9820188068291162,0.4179657560994963,0.41237113402061853,0.001,24,1,1.136,0
9989,refusal,20,64,16320,11,154,20400,190,0.9760189067423631,0.5676345243438674,0.5368421052631579,0.001,26,1,1.221,0
817,deception,20,64,16320,11,144,20400,267,0.9686124723770446,0.5015934267600513,0.4868913857677903,0.001,24,1,1.179,0
12730,ethics,20,64,16320,11,114,20400,75,0.971350225502255,0.3632301861522847,0.4,0.001,24,1,1.172,0
892,sycophancy-adj,20,64,16320,11,56,20400,68,0.9889083855064749,0.3389247681293347,0.38235294117647056,0.001,25,1,1.159,0
1031,harm,20,64,16320,11,113,20400,97,0.9938275334862402,0.6037321024519376,0.5257731958762887,0.001,24,1,1.139,0
9989,refusal,20,64,16320,12,131,20400,190,0.9807221542227662,0.5278662296014642,0.5263157894736842,0.001,25,1,1.262,0
817,deception,20,64,16320,12,90,20400,267,0.9747953264350125,0.4736037045653512,0.47191011235955055,0.001,24,1,1.18,0
12730,ethics,20,64,16320,12,104,20400,75,0.9686337023370234,0.39622174889852,0.38666666666666666,0.001,22,1,1.03,0
892,sycophancy-adj,20,64,16320,12,43,20400,68,0.9876361227158579,0.33500917638407335,0.38235294117647056,0.001,23,1,1.032,0
1031,harm,20,64,16320,12,111,20400,97,0.99287952468555,0.6146656839150347,0.5463917525773195,0.001,25,1,1.17,0
9989,refusal,20,64,16320,13,185,20400,190,0.9753780046355374,0.4899554995997549,0.45789473684210524,0.001,25,1,1.403,0
817,deception,20,64,16320,13,152,20400,267,0.9838975308579965,0.6358074628891041,0.5730337078651685,0.001,21,1,1.183,0
12730,ethics,20,64,16320,13,146,20400,75,0.966419680196802,0.39697740761131245,0.4,0.001,23,1,1.277,0
892,sycophancy-adj,20,64,16320,13,95,20400,68,0.9917378863802062,0.43392746341603794,0.36764705882352944,0.001,25,1,1.775,0
1031,harm,20,64,16320,13,119,20400,97,0.990323912316041,0.5557262640110863,0.5154639175257731,0.001,25,1,1.683,0
9989,refusal,20,64,16320,14,101,20400,190,0.9700398447876246,0.49964653904197354,0.5210526315789473,0.001,27,1,1.584,0
817,deception,20,64,16320,14,131,20400,267,0.9627882818954328,0.5762555907619302,0.5655430711610487,0.001,25,1,1.762,0
12730,ethics,20,64,16320,14,114,20400,75,0.9687747437474374,0.3809746327690485,0.4266666666666667,0.001,24,1,1.644,0
892,sycophancy-adj,20,64,16320,14,84,20400,68,0.9924018643459744,0.4346229046069087,0.35294117647058826,0.001,23,1,1.822,0
1031,harm,20,64,16320,14,115,20400,97,0.9940123621972478,0.6114864266312708,0.5051546391752577,0.001,24,1,1.775,0
9989,refusal,20,128,32640,10,307,20400,190,0.9892747206958515,0.6976962144187498,0.6210526315789474,0.001,27,1,5.375,0
817,deception,20,128,32640,10,238,20400,267,0.9885328111132133,0.7092064907093176,0.6142322097378277,0.001,26,1,3.676,0
12730,ethics,20,128,32640,10,208,20400,75,0.9812828208282083,0.4402602772897364,0.41333333333333333,0.001,28,1,3.303,0
892,sycophancy-adj,20,128,32640,10,123,20400,68,0.9941066530881485,0.4579609234084908,0.4264705882352941,0.001,27,1,3.43,0
1031,harm,20,128,32640,10,203,20400,97,0.9927942191266234,0.6506601712442412,0.5876288659793815,0.001,24,1,3.115,0
9989,refusal,20,128,32640,11,370,20400,190,0.9901764368863774,0.700724158103118,0.6105263157894737,0.001,25,1,3.696,0
817,deception,20,128,32640,11,298,20400,267,0.9927783609781471,0.7731435536111424,0.6779026217228464,0.001,23,1,3.276,0
12730,ethics,20,128,32640,11,293,20400,75,0.9912724887248873,0.6136024887622245,0.5333333333333333,0.001,24,1,3.524,0
892,sycophancy-adj,20,128,32640,11,185,20400,68,0.9963322088622977,0.5735672025336885,0.5294117647058824,0.001,25,1,3.751,0
1031,harm,20,128,32640,11,273,20400,97,0.9955925461221262,0.7201948872788131,0.6185567010309279,0.001,26,1,3.065,0
9989,refusal,20,128,32640,12,227,20400,190,0.9884084220943253,0.638300184702625,0.5684210526315789,0.001,25,1,3.104,0
817,deception,20,128,32640,12,222,20400,267,0.9880359281192057,0.7074604451521238,0.6292134831460674,0.001,25,1,2.876,0
12730,ethics,20,128,32640,12,182,20400,75,0.9718212382123821,0.4488591122286454,0.4,0.001,25,1,2.755,0
892,sycophancy-adj,20,128,32640,12,148,20400,68,0.9937876832810638,0.5188306827842125,0.4852941176470588,0.001,25,1,2.493,0
1031,harm,20,128,32640,12,192,20400,97,0.9954630644701838,0.7176616964321599,0.6494845360824743,0.001,25,1,2.866,0
9989,refusal,20,128,32640,13,278,20400,190,0.9848673142529754,0.6534001120511369,0.6,0.001,29,1,2.871,0
817,deception,20,128,32640,13,293,20400,267,0.9921972069260019,0.7386396508999629,0.6554307116104869,0.001,25,1,2.446,0
12730,ethics,20,128,32640,13,193,20400,75,0.980440508405084,0.5899100405837908,0.5066666666666667,0.001,23,1,2.336,0
892,sycophancy-adj,20,128,32640,13,153,20400,68,0.9956754637719736,0.512494372658175,0.4852941176470588,0.001,28,1,2.667,0
1031,harm,20,128,32640,13,214,20400,97,0.9942911285773115,0.6611746883975911,0.5979381443298969,0.001,25,1,2.297,0
9989,refusal,20,128,32640,14,307,20400,190,0.9901138050470064,0.6719802869136341,0.6210526315789474,0.001,25,1,2.817,0
817,deception,20,128,32640,14,337,20400,267,0.9911868843724811,0.7559518293331422,0.6704119850187266,0.001,25,1,2.457,0
12730,ethics,20,128,32640,14,245,20400,75,0.9772680606806068,0.5604473772578629,0.6,0.001,24,1,2.636,0
892,sycophancy-adj,20,128,32640,14,167,20400,68,0.9956718473342514,0.5496812887394881,0.5147058823529411,0.001,27,1,3.55,0
1031,harm,20,128,32640,14,195,20400,97,0.9950548164381781,0.6564828308289644,0.5567010309278351,0.001,23,1,3.18,0
9989,refusal,20,256,65280,10,663,20400,190,0.993967290814865,0.7810588873350204,0.7,0.001,35,1,11.342,0
817,deception,20,256,65280,10,605,20400,267,0.9949452247423547,0.8222880512124616,0.7340823970037453,0.001,26,1,7.574,0
12730,ethics,20,256,65280,10,332,20400,75,0.98539926199262,0.635646721508128,0.5866666666666667,0.001,26,1,6.733,0
892,sycophancy-adj,20,256,65280,10,236,20400,68,0.9967792005647429,0.6459340855017749,0.5588235294117647,0.001,24,1,6.485,0
1031,harm,20,256,65280,10,439,20400,97,0.9968056114809096,0.7588556385978129,0.6701030927835051,0.001,25,1,5.735,0
9989,refusal,20,256,65280,11,667,20400,190,0.9948837209302326,0.7927075057855231,0.6947368421052632,0.001,30,1,8.847,0
817,deception,20,256,65280,11,611,20400,267,0.995394484356929,0.8137691355574858,0.7078651685393258,0.001,25,1,5.538,0
12730,ethics,20,256,65280,11,422,20400,75,0.9938013940139402,0.7120667879963499,0.64,0.001,25,1,5.521,0
892,sycophancy-adj,20,256,65280,11,300,20400,68,0.9972131730913888,0.6504150213897903,0.5735294117647058,0.001,28,1,6.322,0
1031,harm,20,256,65280,11,492,20400,97,0.9970295385730918,0.7758908196080354,0.6907216494845361,0.001,24,1,5.778,0
9989,refusal,20,256,65280,12,668,20400,190,0.9948876272819606,0.7916064291725813,0.7052631578947368,0.001,30,1,7.341,0
817,deception,20,256,65280,12,581,20400,267,0.9942297578779022,0.8050113572955755,0.7078651685393258,0.001,26,1,5.769,0
12730,ethics,20,256,65280,12,403,20400,75,0.9906866748667487,0.6869511664660052,0.6533333333333333,0.001,26,1,5.311,0
892,sycophancy-adj,20,256,65280,12,286,20400,68,0.9972724826700304,0.6199261265167751,0.5882352941176471,0.001,28,1,5.234,0
1031,harm,20,256,65280,12,439,20400,97,0.9971260150980684,0.7748276207664512,0.6597938144329897,0.001,24,1,4.893,0
9989,refusal,20,256,65280,13,653,20400,190,0.9930558087450195,0.7847226849525678,0.6947368421052632,0.001,30,1,6.097,0
817,deception,20,256,65280,13,629,20400,267,0.9959832655909364,0.829318016032302,0.7378277153558053,0.001,26,1,5.004,0
12730,ethics,20,256,65280,13,442,20400,75,0.9904879048790487,0.6799122296340938,0.6,0.001,27,1,5.154,0
892,sycophancy-adj,20,256,65280,13,300,20400,68,0.997624723704158,0.6501205192265196,0.5735294117647058,0.001,29,1,6.001,0
1031,harm,20,256,65280,13,475,20400,97,0.9966228138546385,0.7675336126790632,0.6597938144329897,0.001,27,1,5.943,0
9989,refusal,20,256,65280,14,643,20400,190,0.9946907471548738,0.7766771680845628,0.6789473684210526,0.001,32,1,7.086,0
817,deception,20,256,65280,14,575,20400,267,0.9964390362144175,0.8382339372468978,0.7303370786516854,0.001,33,1,5.83,0
12730,ethics,20,256,65280,14,397,20400,75,0.9922643706437064,0.6286411479485688,0.56,0.001,28,1,6.632,0
892,sycophancy-adj,20,256,65280,14,267,20400,68,0.9973802525141474,0.6283385336474521,0.5882352941176471,0.001,28,1,5.904,0
1031,harm,20,256,65280,14,436,20400,97,0.9968985336075974,0.7672858693494196,0.6701030927835051,0.001,30,1,6.399,0
9989,refusal,20,320,81600,10,845,20400,190,0.9959389567436653,0.8167421163332819,0.7052631578947368,0.001,42,1,13.186,0
817,deception,20,320,81600,10,755,20400,267,0.9969390816984655,0.8532253562860791,0.7490636704119851,0.001,29,1,7.919,0
12730,ethics,20,320,81600,10,506,20400,75,0.9930063140631405,0.7040105198174587,0.64,0.001,28,1,6.8,0
892,sycophancy-adj,20,320,81600,10,358,20400,68,0.9977267072479198,0.6637042368769325,0.5882352941176471,0.001,33,1,7.608,0
1031,harm,20,320,81600,10,559,20400,97,0.9971620668521386,0.7869519270645331,0.6804123711340206,0.001,28,1,7.645,0
